{
  "testConfig": {
    "pdfFileHash": "f21ec626cc9eb30cf786adc97eb8452e3bd94dc5213aca413f6458785e68c504"
  },
  "pdfCropperData": {
    "Maths": {
      "M-MCQ": {
        "1": {
          "que": 1,
          "type": "mcq",
          "marks": {
            "cm": 4,
            "im": -1
          },
          "pdfData": [
            {
              "x1": 14.99,
              "x2": 596,
              "y1": 497.63,
              "y2": 682.13,
              "page": 1
            }
          ],
          "answerOptions": "4"
        },
        "2": {
          "que": 2,
          "type": "mcq",
          "marks": {
            "cm": 4,
            "im": -1
          },
          "pdfData": [
            {
              "x1": 15,
              "x2": 596,
              "y1": 696.18,
              "y2": 793.41,
              "page": 1
            },
            {
              "x1": 15,
              "x2": 596,
              "y1": 19.44,
              "y2": 103.37,
              "page": 2
            }
          ],
          "answerOptions": "4"
        },
        "3": {
          "que": 3,
          "type": "mcq",
          "marks": {
            "cm": 4,
            "im": -1
          },
          "pdfData": [
            {
              "x1": 15,
              "x2": 596,
              "y1": 117.42,
              "y2": 272.87,
              "page": 2
            }
          ],
          "answerOptions": "4"
        },
        "4": {
          "que": 4,
          "type": "mcq",
          "marks": {
            "cm": 4,
            "im": -1
          },
          "pdfData": [
            {
              "x1": 15,
              "x2": 596,
              "y1": 286.92,
              "y2": 462.9,
              "page": 2
            }
          ],
          "answerOptions": "4"
        },
        "5": {
          "que": 5,
          "type": "mcq",
          "marks": {
            "cm": 4,
            "im": -1
          },
          "pdfData": [
            {
              "x1": 15,
              "x2": 596,
              "y1": 476.94,
              "y2": 635.33,
              "page": 2
            }
          ],
          "answerOptions": "4"
        },
        "6": {
          "que": 6,
          "type": "mcq",
          "marks": {
            "cm": 4,
            "im": -1
          },
          "pdfData": [
            {
              "x1": 15,
              "x2": 596,
              "y1": 650.22,
              "y2": 819.92,
              "page": 2
            },
            {
              "x1": 15,
              "x2": 596,
              "y1": 19.44,
              "y2": 44.4,
              "page": 3
            }
          ],
          "answerOptions": "4"
        },
        "7": {
          "que": 7,
          "type": "mcq",
          "marks": {
            "cm": 4,
            "im": -1
          },
          "pdfData": [
            {
              "x1": 15,
              "x2": 596,
              "y1": 58.44,
              "y2": 241.03,
              "page": 3
            }
          ],
          "answerOptions": "4"
        },
        "8": {
          "que": 8,
          "type": "mcq",
          "marks": {
            "cm": 4,
            "im": -1
          },
          "pdfData": [
            {
              "x1": 15,
              "x2": 596,
              "y1": 255.07999999999998,
              "y2": 431.06,
              "page": 3
            }
          ],
          "answerOptions": "4"
        },
        "9": {
          "que": 9,
          "type": "mcq",
          "marks": {
            "cm": 4,
            "im": -1
          },
          "pdfData": [
            {
              "x1": 15,
              "x2": 596,
              "y1": 445.1,
              "y2": 641.06,
              "page": 3
            }
          ],
          "answerOptions": "4"
        },
        "10": {
          "que": 10,
          "type": "mcq",
          "marks": {
            "cm": 4,
            "im": -1
          },
          "pdfData": [
            {
              "x1": 15,
              "x2": 596,
              "y1": 655.1,
              "y2": 814.41,
              "page": 3
            }
          ],
          "answerOptions": "4"
        },
        "11": {
          "que": 11,
          "type": "mcq",
          "marks": {
            "cm": 4,
            "im": -1
          },
          "pdfData": [
            {
              "x1": 15,
              "x2": 596,
              "y1": 19.44,
              "y2": 195.43,
              "page": 4
            }
          ],
          "answerOptions": "4"
        },
        "12": {
          "que": 12,
          "type": "mcq",
          "marks": {
            "cm": 4,
            "im": -1
          },
          "pdfData": [
            {
              "x1": 14.99,
              "x2": 596,
              "y1": 209.48,
              "y2": 405.62,
              "page": 4
            }
          ],
          "answerOptions": "4"
        },
        "13": {
          "que": 13,
          "type": "mcq",
          "marks": {
            "cm": 4,
            "im": -1
          },
          "pdfData": [
            {
              "x1": 15,
              "x2": 596,
              "y1": 419.67,
              "y2": 615.9,
              "page": 4
            }
          ],
          "answerOptions": "4"
        },
        "14": {
          "que": 14,
          "type": "mcq",
          "marks": {
            "cm": 4,
            "im": -1
          },
          "pdfData": [
            {
              "x1": 15,
              "x2": 596,
              "y1": 629.94,
              "y2": 805.93,
              "page": 4
            }
          ],
          "answerOptions": "4"
        },
        "15": {
          "que": 15,
          "type": "mcq",
          "marks": {
            "cm": 4,
            "im": -1
          },
          "pdfData": [
            {
              "x1": 15,
              "x2": 596,
              "y1": 19.44,
              "y2": 266.67,
              "page": 5
            }
          ],
          "answerOptions": "4"
        },
        "16": {
          "que": 16,
          "type": "mcq",
          "marks": {
            "cm": 4,
            "im": -1
          },
          "pdfData": [
            {
              "x1": 15,
              "x2": 596,
              "y1": 280.72,
              "y2": 438.83,
              "page": 5
            }
          ],
          "answerOptions": "4"
        },
        "17": {
          "que": 17,
          "type": "mcq",
          "marks": {
            "cm": 4,
            "im": -1
          },
          "pdfData": [
            {
              "x1": 15,
              "x2": 596,
              "y1": 451.08,
              "y2": 647.11,
              "page": 5
            }
          ],
          "answerOptions": "4"
        },
        "18": {
          "que": 18,
          "type": "mcq",
          "marks": {
            "cm": 4,
            "im": -1
          },
          "pdfData": [
            {
              "x1": 15,
              "x2": 596,
              "y1": 661.15,
              "y2": 811.5,
              "page": 5
            },
            {
              "x1": 15,
              "x2": 596,
              "y1": 19.44,
              "y2": 44.4,
              "page": 6
            }
          ],
          "answerOptions": "4"
        },
        "19": {
          "que": 19,
          "type": "mcq",
          "marks": {
            "cm": 4,
            "im": -1
          },
          "pdfData": [
            {
              "x1": 15,
              "x2": 596,
              "y1": 58.44,
              "y2": 235.7,
              "page": 6
            }
          ],
          "answerOptions": "4"
        },
        "20": {
          "que": 20,
          "type": "mcq",
          "marks": {
            "cm": 4,
            "im": -1
          },
          "pdfData": [
            {
              "x1": 15,
              "x2": 596,
              "y1": 249.74,
              "y2": 445.7,
              "page": 6
            }
          ],
          "answerOptions": "4"
        }
      },
      "M-NUM": {
        "21": {
          "que": 21,
          "type": "nat",
          "marks": {
            "cm": 4,
            "im": -1
          },
          "pdfData": [
            {
              "x1": 15,
              "x2": 596,
              "y1": 462.74,
              "y2": 526.22,
              "page": 6
            }
          ]
        },
        "22": {
          "que": 22,
          "type": "nat",
          "marks": {
            "cm": 4,
            "im": -1
          },
          "pdfData": [
            {
              "x1": 15,
              "x2": 596,
              "y1": 546.27,
              "y2": 609.47,
              "page": 6
            }
          ]
        },
        "23": {
          "que": 23,
          "type": "nat",
          "marks": {
            "cm": 4,
            "im": -1
          },
          "pdfData": [
            {
              "x1": 15,
              "x2": 596,
              "y1": 629.52,
              "y2": 716.42,
              "page": 6
            }
          ]
        },
        "24": {
          "que": 24,
          "type": "nat",
          "marks": {
            "cm": 4,
            "im": -1
          },
          "pdfData": [
            {
              "x1": 15,
              "x2": 596,
              "y1": 736.47,
              "y2": 779.42,
              "page": 6
            }
          ]
        },
        "25": {
          "que": 25,
          "type": "nat",
          "marks": {
            "cm": 4,
            "im": -1
          },
          "pdfData": [
            {
              "x1": 15,
              "x2": 596,
              "y1": 799.47,
              "y2": 818.42,
              "page": 6
            },
            {
              "x1": 15,
              "x2": 596,
              "y1": 22.44,
              "y2": 122.4,
              "page": 7
            }
          ]
        }
      }
    },
    "Physics": {
      "P-MCQ": {
        "26": {
          "que": 26,
          "type": "mcq",
          "marks": {
            "cm": 4,
            "im": -1
          },
          "pdfData": [
            {
              "x1": 15,
              "x2": 596,
              "y1": 142.44,
              "y2": 332.4,
              "page": 7
            }
          ],
          "answerOptions": "4"
        },
        "27": {
          "que": 27,
          "type": "mcq",
          "marks": {
            "cm": 4,
            "im": -1
          },
          "pdfData": [
            {
              "x1": 15,
              "x2": 596,
              "y1": 352.44,
              "y2": 542.4,
              "page": 7
            }
          ],
          "answerOptions": "4"
        },
        "28": {
          "que": 28,
          "type": "mcq",
          "marks": {
            "cm": 4,
            "im": -1
          },
          "pdfData": [
            {
              "x1": 15,
              "x2": 596,
              "y1": 562.44,
              "y2": 808.39,
              "page": 7
            },
            {
              "x1": 15,
              "x2": 596,
              "y1": 22.44,
              "y2": 120.15,
              "page": 8
            }
          ],
          "answerOptions": "4"
        },
        "29": {
          "que": 29,
          "type": "mcq",
          "marks": {
            "cm": 4,
            "im": -1
          },
          "pdfData": [
            {
              "x1": 15,
              "x2": 596,
              "y1": 140.19,
              "y2": 658.48,
              "page": 8
            }
          ],
          "answerOptions": "4"
        },
        "30": {
          "que": 30,
          "type": "mcq",
          "marks": {
            "cm": 4,
            "im": -1
          },
          "pdfData": [
            {
              "x1": 15,
              "x2": 596,
              "y1": 681.44,
              "y2": 798.65,
              "page": 8
            },
            {
              "x1": 15,
              "x2": 596,
              "y1": 22.44,
              "y2": 67.65,
              "page": 9
            }
          ],
          "answerOptions": "4"
        },
        "31": {
          "que": 31,
          "type": "mcq",
          "marks": {
            "cm": 4,
            "im": -1
          },
          "pdfData": [
            {
              "x1": 15,
              "x2": 596,
              "y1": 87.69,
              "y2": 440.46,
              "page": 9
            }
          ],
          "answerOptions": "4"
        },
        "32": {
          "que": 32,
          "type": "mcq",
          "marks": {
            "cm": 4,
            "im": -1
          },
          "pdfData": [
            {
              "x1": 15,
              "x2": 596,
              "y1": 458.72,
              "y2": 628.42,
              "page": 9
            }
          ],
          "answerOptions": "4"
        },
        "33": {
          "que": 33,
          "type": "mcq",
          "marks": {
            "cm": 4,
            "im": -1
          },
          "pdfData": [
            {
              "x1": 15,
              "x2": 596,
              "y1": 648.47,
              "y2": 812.17,
              "page": 9
            },
            {
              "x1": 15,
              "x2": 596,
              "y1": 22.44,
              "y2": 41.4,
              "page": 10
            }
          ],
          "answerOptions": "4"
        },
        "34": {
          "que": 34,
          "type": "mcq",
          "marks": {
            "cm": 4,
            "im": -1
          },
          "pdfData": [
            {
              "x1": 15,
              "x2": 596,
              "y1": 61.44,
              "y2": 507.27,
              "page": 10
            }
          ],
          "answerOptions": "4"
        },
        "35": {
          "que": 35,
          "type": "mcq",
          "marks": {
            "cm": 4,
            "im": -1
          },
          "pdfData": [
            {
              "x1": 15,
              "x2": 596,
              "y1": 527.32,
              "y2": 697.02,
              "page": 10
            }
          ],
          "answerOptions": "4"
        },
        "36": {
          "que": 36,
          "type": "mcq",
          "marks": {
            "cm": 4,
            "im": -1
          },
          "pdfData": [
            {
              "x1": 15,
              "x2": 596,
              "y1": 717.07,
              "y2": 800.52,
              "page": 10
            },
            {
              "x1": 15,
              "x2": 596,
              "y1": 22.44,
              "y2": 401.52,
              "page": 11
            }
          ],
          "answerOptions": "4"
        },
        "37": {
          "que": 37,
          "type": "mcq",
          "marks": {
            "cm": 4,
            "im": -1
          },
          "pdfData": [
            {
              "x1": 15,
              "x2": 596,
              "y1": 421.57,
              "y2": 731.65,
              "page": 11
            }
          ],
          "answerOptions": "4"
        },
        "38": {
          "que": 38,
          "type": "mcq",
          "marks": {
            "cm": 4,
            "im": -1
          },
          "pdfData": [
            {
              "x1": 15,
              "x2": 596,
              "y1": 751.69,
              "y2": 814.9,
              "page": 11
            },
            {
              "x1": 15,
              "x2": 596,
              "y1": 22.44,
              "y2": 147.9,
              "page": 12
            }
          ],
          "answerOptions": "4"
        },
        "39": {
          "que": 39,
          "type": "mcq",
          "marks": {
            "cm": 4,
            "im": -1
          },
          "pdfData": [
            {
              "x1": 15,
              "x2": 596,
              "y1": 167.94,
              "y2": 337.65,
              "page": 12
            }
          ],
          "answerOptions": "4"
        },
        "40": {
          "que": 40,
          "type": "mcq",
          "marks": {
            "cm": 4,
            "im": -1
          },
          "pdfData": [
            {
              "x1": 15,
              "x2": 596,
              "y1": 357.69,
              "y2": 527.4,
              "page": 12
            }
          ],
          "answerOptions": "4"
        },
        "41": {
          "que": 41,
          "type": "mcq",
          "marks": {
            "cm": 4,
            "im": -1
          },
          "pdfData": [
            {
              "x1": 15,
              "x2": 596,
              "y1": 547.44,
              "y2": 660.9,
              "page": 12
            },
            {
              "x1": 15,
              "x2": 596,
              "y1": 19.6,
              "y2": 307.02,
              "page": 13
            }
          ],
          "answerOptions": "4"
        },
        "42": {
          "que": 42,
          "type": "mcq",
          "marks": {
            "cm": 4,
            "im": -1
          },
          "pdfData": [
            {
              "x1": 15,
              "x2": 596,
              "y1": 327.07,
              "y2": 496.77,
              "page": 13
            }
          ],
          "answerOptions": "4"
        },
        "43": {
          "que": 43,
          "type": "mcq",
          "marks": {
            "cm": 4,
            "im": -1
          },
          "pdfData": [
            {
              "x1": 15,
              "x2": 596,
              "y1": 516.82,
              "y2": 686.52,
              "page": 13
            }
          ],
          "answerOptions": "4"
        },
        "44": {
          "que": 44,
          "type": "mcq",
          "marks": {
            "cm": 4,
            "im": -1
          },
          "pdfData": [
            {
              "x1": 15,
              "x2": 596,
              "y1": 706.57,
              "y2": 817.77,
              "page": 13
            },
            {
              "x1": 15,
              "x2": 596,
              "y1": 22.44,
              "y2": 93.9,
              "page": 14
            }
          ],
          "answerOptions": "4"
        },
        "45": {
          "que": 45,
          "type": "mcq",
          "marks": {
            "cm": 4,
            "im": -1
          },
          "pdfData": [
            {
              "x1": 15,
              "x2": 596,
              "y1": 113.94,
              "y2": 434.11,
              "page": 14
            }
          ],
          "answerOptions": "4"
        }
      },
      "P-NUM": {
        "46": {
          "que": 46,
          "type": "nat",
          "marks": {
            "cm": 4,
            "im": -1
          },
          "pdfData": [
            {
              "x1": 15,
              "x2": 596,
              "y1": 454.23,
              "y2": 558.22,
              "page": 14
            }
          ]
        },
        "47": {
          "que": 47,
          "type": "nat",
          "marks": {
            "cm": 4,
            "im": -1
          },
          "pdfData": [
            {
              "x1": 15,
              "x2": 596,
              "y1": 578.27,
              "y2": 815.68,
              "page": 14
            }
          ]
        },
        "48": {
          "que": 48,
          "type": "nat",
          "marks": {
            "cm": 4,
            "im": -1
          },
          "pdfData": [
            {
              "x1": 15,
              "x2": 596,
              "y1": 61.44,
              "y2": 126.73,
              "page": 15
            }
          ]
        },
        "49": {
          "que": 49,
          "type": "nat",
          "marks": {
            "cm": 4,
            "im": -1
          },
          "pdfData": [
            {
              "x1": 15,
              "x2": 596,
              "y1": 144.98,
              "y2": 228.43,
              "page": 15
            }
          ]
        },
        "50": {
          "que": 50,
          "type": "nat",
          "marks": {
            "cm": 4,
            "im": -1
          },
          "pdfData": [
            {
              "x1": 15,
              "x2": 596,
              "y1": 248.48,
              "y2": 605.42,
              "page": 15
            }
          ]
        }
      }
    },
    "Chemistry": {
      "C-MCQ": {
        "51": {
          "que": 51,
          "type": "mcq",
          "marks": {
            "cm": 4,
            "im": -1
          },
          "pdfData": [
            {
              "x1": 15,
              "x2": 596,
              "y1": 628.38,
              "y2": 800.33,
              "page": 15
            },
            {
              "x1": 15,
              "x2": 596,
              "y1": 22.44,
              "y2": 93.9,
              "page": 16
            }
          ],
          "answerOptions": "4"
        },
        "52": {
          "que": 52,
          "type": "mcq",
          "marks": {
            "cm": 4,
            "im": -1
          },
          "pdfData": [
            {
              "x1": 15,
              "x2": 596,
              "y1": 113.94,
              "y2": 346.65,
              "page": 16
            }
          ],
          "answerOptions": "4"
        },
        "53": {
          "que": 53,
          "type": "mcq",
          "marks": {
            "cm": 4,
            "im": -1
          },
          "pdfData": [
            {
              "x1": 15,
              "x2": 596,
              "y1": 366.69,
              "y2": 673.65,
              "page": 16
            }
          ],
          "answerOptions": "4"
        },
        "54": {
          "que": 54,
          "type": "mcq",
          "marks": {
            "cm": 4,
            "im": -1
          },
          "pdfData": [
            {
              "x1": 15,
              "x2": 596,
              "y1": 693.69,
              "y2": 799.31,
              "page": 16
            },
            {
              "x1": 15,
              "x2": 596,
              "y1": 22.44,
              "y2": 147.9,
              "page": 17
            }
          ],
          "answerOptions": "4"
        },
        "55": {
          "que": 55,
          "type": "mcq",
          "marks": {
            "cm": 4,
            "im": -1
          },
          "pdfData": [
            {
              "x1": 15,
              "x2": 596,
              "y1": 167.94,
              "y2": 337.65,
              "page": 17
            }
          ],
          "answerOptions": "4"
        },
        "56": {
          "que": 56,
          "type": "mcq",
          "marks": {
            "cm": 4,
            "im": -1
          },
          "pdfData": [
            {
              "x1": 15,
              "x2": 596,
              "y1": 357.69,
              "y2": 588.15,
              "page": 17
            }
          ],
          "answerOptions": "4"
        },
        "57": {
          "que": 57,
          "type": "mcq",
          "marks": {
            "cm": 4,
            "im": -1
          },
          "pdfData": [
            {
              "x1": 15,
              "x2": 596,
              "y1": 608.19,
              "y2": 681.15,
              "page": 17
            },
            {
              "x1": 15,
              "x2": 596,
              "y1": 18.78,
              "y2": 388.77,
              "page": 18
            }
          ],
          "answerOptions": "4"
        },
        "58": {
          "que": 58,
          "type": "mcq",
          "marks": {
            "cm": 4,
            "im": -1
          },
          "pdfData": [
            {
              "x1": 15,
              "x2": 596,
              "y1": 408.82,
              "y2": 800.9,
              "page": 18
            }
          ],
          "answerOptions": "4"
        },
        "59": {
          "que": 59,
          "type": "mcq",
          "marks": {
            "cm": 4,
            "im": -1
          },
          "pdfData": [
            {
              "x1": 15,
              "x2": 596,
              "y1": 22.44,
              "y2": 221.4,
              "page": 19
            }
          ],
          "answerOptions": "4"
        },
        "60": {
          "que": 60,
          "type": "mcq",
          "marks": {
            "cm": 4,
            "im": -1
          },
          "pdfData": [
            {
              "x1": 15,
              "x2": 596,
              "y1": 241.44,
              "y2": 810.11,
              "page": 19
            },
            {
              "x1": 15,
              "x2": 596,
              "y1": 18.59,
              "y2": 151.36,
              "page": 20
            }
          ],
          "answerOptions": "4"
        },
        "61": {
          "que": 61,
          "type": "mcq",
          "marks": {
            "cm": 4,
            "im": -1
          },
          "pdfData": [
            {
              "x1": 15,
              "x2": 596,
              "y1": 173.32,
              "y2": 322.77,
              "page": 20
            }
          ],
          "answerOptions": "4"
        },
        "62": {
          "que": 62,
          "type": "mcq",
          "marks": {
            "cm": 4,
            "im": -1
          },
          "pdfData": [
            {
              "x1": 15,
              "x2": 596,
              "y1": 342.82,
              "y2": 544.18,
              "page": 20
            }
          ],
          "answerOptions": "4"
        },
        "63": {
          "que": 63,
          "type": "mcq",
          "marks": {
            "cm": 4,
            "im": -1
          },
          "pdfData": [
            {
              "x1": 15,
              "x2": 596,
              "y1": 563.78,
              "y2": 815.69,
              "page": 20
            },
            {
              "x1": 15,
              "x2": 596,
              "y1": 56.19,
              "y2": 153.9,
              "page": 21
            }
          ],
          "answerOptions": "4"
        },
        "64": {
          "que": 64,
          "type": "mcq",
          "marks": {
            "cm": 4,
            "im": -1
          },
          "pdfData": [
            {
              "x1": 15,
              "x2": 596,
              "y1": 173.94,
              "y2": 503.52,
              "page": 21
            }
          ],
          "answerOptions": "4"
        },
        "65": {
          "que": 65,
          "type": "mcq",
          "marks": {
            "cm": 4,
            "im": -1
          },
          "pdfData": [
            {
              "x1": 15,
              "x2": 596,
              "y1": 523.57,
              "y2": 806.77,
              "page": 21
            },
            {
              "x1": 15,
              "x2": 596,
              "y1": 22.44,
              "y2": 67.65,
              "page": 22
            }
          ],
          "answerOptions": "4"
        },
        "66": {
          "que": 66,
          "type": "mcq",
          "marks": {
            "cm": 4,
            "im": -1
          },
          "pdfData": [
            {
              "x1": 15,
              "x2": 596,
              "y1": 87.69,
              "y2": 383.58,
              "page": 22
            }
          ],
          "answerOptions": "4"
        },
        "67": {
          "que": 67,
          "type": "mcq",
          "marks": {
            "cm": 4,
            "im": -1
          },
          "pdfData": [
            {
              "x1": 15,
              "x2": 596,
              "y1": 403.63,
              "y2": 718.39,
              "page": 22
            }
          ],
          "answerOptions": "4"
        },
        "68": {
          "que": 68,
          "type": "mcq",
          "marks": {
            "cm": 4,
            "im": -1
          },
          "pdfData": [
            {
              "x1": 15,
              "x2": 596,
              "y1": 737.24,
              "y2": 800.45,
              "page": 22
            },
            {
              "x1": 15,
              "x2": 596,
              "y1": 22.44,
              "y2": 188.4,
              "page": 23
            }
          ],
          "answerOptions": "4"
        },
        "69": {
          "que": 69,
          "type": "mcq",
          "marks": {
            "cm": 4,
            "im": -1
          },
          "pdfData": [
            {
              "x1": 15,
              "x2": 596,
              "y1": 208.44,
              "y2": 438.9,
              "page": 23
            }
          ],
          "answerOptions": "4"
        },
        "70": {
          "que": 70,
          "type": "mcq",
          "marks": {
            "cm": 4,
            "im": -1
          },
          "pdfData": [
            {
              "x1": 15,
              "x2": 596,
              "y1": 458.94,
              "y2": 682.77,
              "page": 23
            }
          ],
          "answerOptions": "4"
        }
      },
      "C-NUM": {
        "71": {
          "que": 71,
          "type": "nat",
          "marks": {
            "cm": 4,
            "im": -1
          },
          "pdfData": [
            {
              "x1": 15,
              "x2": 596,
              "y1": 702.82,
              "y2": 786.27,
              "page": 23
            }
          ]
        },
        "72": {
          "que": 72,
          "type": "nat",
          "marks": {
            "cm": 4,
            "im": -1
          },
          "pdfData": [
            {
              "x1": 15,
              "x2": 596,
              "y1": 22.44,
              "y2": 126.15,
              "page": 24
            }
          ]
        },
        "73": {
          "que": 73,
          "type": "nat",
          "marks": {
            "cm": 4,
            "im": -1
          },
          "pdfData": [
            {
              "x1": 15,
              "x2": 596,
              "y1": 146.19,
              "y2": 281.15,
              "page": 24
            }
          ]
        },
        "74": {
          "que": 74,
          "type": "nat",
          "marks": {
            "cm": 4,
            "im": -1
          },
          "pdfData": [
            {
              "x1": 15,
              "x2": 596,
              "y1": 301.19,
              "y2": 364.68,
              "page": 24
            }
          ]
        },
        "75": {
          "que": 75,
          "type": "nat",
          "marks": {
            "cm": 4,
            "im": -1
          },
          "pdfData": [
            {
              "x1": 15,
              "x2": 596,
              "y1": 384.73,
              "y2": 488.05,
              "page": 24
            }
          ]
        }
      }
    }
  },
  "appVersion": "1.30.2",
  "generatedBy": "answerKeyPage",
  "testAnswerKey": {
    "Maths": {
      "M-MCQ": {
        "1": 2,
        "2": 2,
        "3": 2,
        "4": 2,
        "5": 3,
        "6": 1,
        "7": 4,
        "8": 3,
        "9": 3,
        "10": 3,
        "11": 4,
        "12": 2,
        "13": 4,
        "14": 2,
        "15": 3,
        "16": 3,
        "17": 4,
        "18": 4,
        "19": 2,
        "20": 3
      },
      "M-NUM": {
        "21": "8",
        "22": "6",
        "23": "2",
        "24": "48",
        "25": "18"
      }
    },
    "Physics": {
      "P-MCQ": {
        "26": 1,
        "27": 1,
        "28": 4,
        "29": 3,
        "30": 3,
        "31": 2,
        "32": 1,
        "33": 2,
        "34": 4,
        "35": 2,
        "36": 2,
        "37": 3,
        "38": 3,
        "39": 1,
        "40": 1,
        "41": 1,
        "42": 1,
        "43": 2,
        "44": 1,
        "45": 4
      },
      "P-NUM": {
        "46": "140",
        "47": "2",
        "48": "8",
        "49": "2",
        "50": "5"
      }
    },
    "Chemistry": {
      "C-MCQ": {
        "51": 2,
        "52": 4,
        "53": 4,
        "54": 1,
        "55": 2,
        "56": 2,
        "57": 3,
        "58": 3,
        "59": 1,
        "60": 4,
        "61": 3,
        "62": 1,
        "63": 2,
        "64": 4,
        "65": 3,
        "66": 4,
        "67": 3,
        "68": 2,
        "69": 3,
        "70": 2
      },
      "C-NUM": {
        "71": "4",
        "72": "6",
        "73": "2",
        "74": "6",
        "75": "2"
      }
    }
  }
}