{
  "testConfig": {
    "pdfFileHash": "1bf5f82f13230820a7d94c0174e30c19b6606235f387f4aa61aa7fa0bc15fd5f"
  },
  "pdfCropperData": {
    "Maths": {
      "M-MCQ": {
        "1": {
          "que": 1,
          "type": "mcq",
          "marks": {
            "cm": 4,
            "im": -1
          },
          "pdfData": [
            {
              "x1": 14.99,
              "x2": 596,
              "y1": 497.63,
              "y2": 695.06,
              "page": 1
            }
          ],
          "answerOptions": "4"
        },
        "2": {
          "que": 2,
          "type": "mcq",
          "marks": {
            "cm": 4,
            "im": -1
          },
          "pdfData": [
            {
              "x1": 14.99,
              "x2": 596,
              "y1": 709.1,
              "y2": 798.56,
              "page": 1
            },
            {
              "x1": 15,
              "x2": 596,
              "y1": 19.44,
              "y2": 123.15,
              "page": 2
            }
          ],
          "answerOptions": "4"
        },
        "3": {
          "que": 3,
          "type": "mcq",
          "marks": {
            "cm": 4,
            "im": -1
          },
          "pdfData": [
            {
              "x1": 15,
              "x2": 596,
              "y1": 137.19,
              "y2": 312.9,
              "page": 2
            }
          ],
          "answerOptions": "4"
        },
        "4": {
          "que": 4,
          "type": "mcq",
          "marks": {
            "cm": 4,
            "im": -1
          },
          "pdfData": [
            {
              "x1": 15,
              "x2": 596,
              "y1": 326.94,
              "y2": 522.9,
              "page": 2
            }
          ],
          "answerOptions": "4"
        },
        "5": {
          "que": 5,
          "type": "mcq",
          "marks": {
            "cm": 4,
            "im": -1
          },
          "pdfData": [
            {
              "x1": 15,
              "x2": 596,
              "y1": 536.94,
              "y2": 694.11,
              "page": 2
            }
          ],
          "answerOptions": "4"
        },
        "6": {
          "que": 6,
          "type": "mcq",
          "marks": {
            "cm": 4,
            "im": -1
          },
          "pdfData": [
            {
              "x1": 15,
              "x2": 596,
              "y1": 708.15,
              "y2": 817.86,
              "page": 2
            },
            {
              "x1": 15,
              "x2": 596,
              "y1": 19.44,
              "y2": 123.15,
              "page": 3
            }
          ],
          "answerOptions": "4"
        },
        "7": {
          "que": 7,
          "type": "mcq",
          "marks": {
            "cm": 4,
            "im": -1
          },
          "pdfData": [
            {
              "x1": 15,
              "x2": 596,
              "y1": 137.19,
              "y2": 298.55,
              "page": 3
            }
          ],
          "answerOptions": "4"
        },
        "8": {
          "que": 8,
          "type": "mcq",
          "marks": {
            "cm": 4,
            "im": -1
          },
          "pdfData": [
            {
              "x1": 15,
              "x2": 596,
              "y1": 310.59,
              "y2": 486.57,
              "page": 3
            }
          ],
          "answerOptions": "4"
        },
        "9": {
          "que": 9,
          "type": "mcq",
          "marks": {
            "cm": 4,
            "im": -1
          },
          "pdfData": [
            {
              "x1": 15,
              "x2": 596,
              "y1": 500.62,
              "y2": 656.35,
              "page": 3
            }
          ],
          "answerOptions": "4"
        },
        "10": {
          "que": 10,
          "type": "mcq",
          "marks": {
            "cm": 4,
            "im": -1
          },
          "pdfData": [
            {
              "x1": 15,
              "x2": 596,
              "y1": 670.39,
              "y2": 819.85,
              "page": 3
            },
            {
              "x1": 15,
              "x2": 596,
              "y1": 18.47,
              "y2": 44.4,
              "page": 4
            }
          ],
          "answerOptions": "4"
        },
        "11": {
          "que": 11,
          "type": "mcq",
          "marks": {
            "cm": 4,
            "im": -1
          },
          "pdfData": [
            {
              "x1": 15,
              "x2": 596,
              "y1": 58.44,
              "y2": 214.78,
              "page": 4
            }
          ],
          "answerOptions": "4"
        },
        "12": {
          "que": 12,
          "type": "mcq",
          "marks": {
            "cm": 4,
            "im": -1
          },
          "pdfData": [
            {
              "x1": 15,
              "x2": 596,
              "y1": 228.83,
              "y2": 460.9,
              "page": 4
            }
          ],
          "answerOptions": "4"
        },
        "13": {
          "que": 13,
          "type": "mcq",
          "marks": {
            "cm": 4,
            "im": -1
          },
          "pdfData": [
            {
              "x1": 15,
              "x2": 596,
              "y1": 474.94,
              "y2": 673.84,
              "page": 4
            }
          ],
          "answerOptions": "4"
        },
        "14": {
          "que": 14,
          "type": "mcq",
          "marks": {
            "cm": 4,
            "im": -1
          },
          "pdfData": [
            {
              "x1": 15,
              "x2": 596,
              "y1": 686.09,
              "y2": 810.33,
              "page": 4
            },
            {
              "x1": 15,
              "x2": 596,
              "y1": 19.44,
              "y2": 96.9,
              "page": 5
            }
          ],
          "answerOptions": "4"
        },
        "15": {
          "que": 15,
          "type": "mcq",
          "marks": {
            "cm": 4,
            "im": -1
          },
          "pdfData": [
            {
              "x1": 15,
              "x2": 596,
              "y1": 110.94,
              "y2": 306.9,
              "page": 5
            }
          ],
          "answerOptions": "4"
        },
        "16": {
          "que": 16,
          "type": "mcq",
          "marks": {
            "cm": 4,
            "im": -1
          },
          "pdfData": [
            {
              "x1": 15,
              "x2": 596,
              "y1": 320.94,
              "y2": 496.65,
              "page": 5
            }
          ],
          "answerOptions": "4"
        },
        "17": {
          "que": 17,
          "type": "mcq",
          "marks": {
            "cm": 4,
            "im": -1
          },
          "pdfData": [
            {
              "x1": 15,
              "x2": 596,
              "y1": 510.69000000000005,
              "y2": 706.33,
              "page": 5
            }
          ],
          "answerOptions": "4"
        },
        "18": {
          "que": 18,
          "type": "mcq",
          "marks": {
            "cm": 4,
            "im": -1
          },
          "pdfData": [
            {
              "x1": 15,
              "x2": 596,
              "y1": 720.38,
              "y2": 811.91,
              "page": 5
            },
            {
              "x1": 15,
              "x2": 596,
              "y1": 19.44,
              "y2": 123.15,
              "page": 6
            }
          ],
          "answerOptions": "4"
        },
        "19": {
          "que": 19,
          "type": "mcq",
          "marks": {
            "cm": 4,
            "im": -1
          },
          "pdfData": [
            {
              "x1": 15,
              "x2": 596,
              "y1": 137.19,
              "y2": 313.18,
              "page": 6
            }
          ],
          "answerOptions": "4"
        },
        "20": {
          "que": 20,
          "type": "mcq",
          "marks": {
            "cm": 4,
            "im": -1
          },
          "pdfData": [
            {
              "x1": 15,
              "x2": 596,
              "y1": 327.23,
              "y2": 503.41,
              "page": 6
            }
          ],
          "answerOptions": "4"
        }
      },
      "M-NUM": {
        "21": {
          "que": 21,
          "type": "nat",
          "marks": {
            "cm": 4,
            "im": -1
          },
          "pdfData": [
            {
              "x1": 15,
              "x2": 596,
              "y1": 520.45,
              "y2": 638.85,
              "page": 6
            }
          ]
        },
        "22": {
          "que": 22,
          "type": "nat",
          "marks": {
            "cm": 4,
            "im": -1
          },
          "pdfData": [
            {
              "x1": 15,
              "x2": 596,
              "y1": 658.89,
              "y2": 722.1,
              "page": 6
            }
          ]
        },
        "23": {
          "que": 23,
          "type": "nat",
          "marks": {
            "cm": 4,
            "im": -1
          },
          "pdfData": [
            {
              "x1": 15,
              "x2": 596,
              "y1": 742.14,
              "y2": 806.06,
              "page": 6
            }
          ]
        },
        "24": {
          "que": 24,
          "type": "nat",
          "marks": {
            "cm": 4,
            "im": -1
          },
          "pdfData": [
            {
              "x1": 15,
              "x2": 596,
              "y1": 22.44,
              "y2": 93.8,
              "page": 7
            }
          ]
        },
        "25": {
          "que": 25,
          "type": "nat",
          "marks": {
            "cm": 4,
            "im": -1
          },
          "pdfData": [
            {
              "x1": 15,
              "x2": 596,
              "y1": 113.84,
              "y2": 178.21,
              "page": 7
            }
          ]
        }
      }
    },
    "Physics": {
      "P-MCQ": {
        "26": {
          "que": 26,
          "type": "mcq",
          "marks": {
            "cm": 4,
            "im": -1
          },
          "pdfData": [
            {
              "x1": 15,
              "x2": 596,
              "y1": 198.25,
              "y2": 510.58,
              "page": 7
            }
          ],
          "answerOptions": "4"
        },
        "27": {
          "que": 27,
          "type": "mcq",
          "marks": {
            "cm": 4,
            "im": -1
          },
          "pdfData": [
            {
              "x1": 15,
              "x2": 596,
              "y1": 530.63,
              "y2": 720.58,
              "page": 7
            }
          ],
          "answerOptions": "4"
        },
        "28": {
          "que": 28,
          "type": "mcq",
          "marks": {
            "cm": 4,
            "im": -1
          },
          "pdfData": [
            {
              "x1": 15,
              "x2": 596,
              "y1": 740.63,
              "y2": 759.58,
              "page": 7
            },
            {
              "x1": 15,
              "x2": 596,
              "y1": 19.6,
              "y2": 424.5,
              "page": 8
            }
          ],
          "answerOptions": "4"
        },
        "29": {
          "que": 29,
          "type": "mcq",
          "marks": {
            "cm": 4,
            "im": -1
          },
          "pdfData": [
            {
              "x1": 15,
              "x2": 596,
              "y1": 442.54,
              "y2": 632.5,
              "page": 8
            }
          ],
          "answerOptions": "4"
        },
        "30": {
          "que": 30,
          "type": "mcq",
          "marks": {
            "cm": 4,
            "im": -1
          },
          "pdfData": [
            {
              "x1": 15,
              "x2": 596,
              "y1": 652.54,
              "y2": 695.5,
              "page": 8
            },
            {
              "x1": 15,
              "x2": 596,
              "y1": 19.6,
              "y2": 338.47,
              "page": 9
            }
          ],
          "answerOptions": "4"
        },
        "31": {
          "que": 31,
          "type": "mcq",
          "marks": {
            "cm": 4,
            "im": -1
          },
          "pdfData": [
            {
              "x1": 15,
              "x2": 596,
              "y1": 358.52,
              "y2": 528.22,
              "page": 9
            }
          ],
          "answerOptions": "4"
        },
        "32": {
          "que": 32,
          "type": "mcq",
          "marks": {
            "cm": 4,
            "im": -1
          },
          "pdfData": [
            {
              "x1": 15,
              "x2": 596,
              "y1": 548.27,
              "y2": 819.22,
              "page": 9
            }
          ],
          "answerOptions": "4"
        },
        "33": {
          "que": 33,
          "type": "mcq",
          "marks": {
            "cm": 4,
            "im": -1
          },
          "pdfData": [
            {
              "x1": 15,
              "x2": 596,
              "y1": 22.44,
              "y2": 343.71,
              "page": 10
            }
          ],
          "answerOptions": "4"
        },
        "34": {
          "que": 34,
          "type": "mcq",
          "marks": {
            "cm": 4,
            "im": -1
          },
          "pdfData": [
            {
              "x1": 15,
              "x2": 596,
              "y1": 363.75,
              "y2": 533.46,
              "page": 10
            }
          ],
          "answerOptions": "4"
        },
        "35": {
          "que": 35,
          "type": "mcq",
          "marks": {
            "cm": 4,
            "im": -1
          },
          "pdfData": [
            {
              "x1": 15,
              "x2": 596,
              "y1": 553.5,
              "y2": 801.52,
              "page": 10
            },
            {
              "x1": 15,
              "x2": 596,
              "y1": 22.44,
              "y2": 41.4,
              "page": 11
            }
          ],
          "answerOptions": "4"
        },
        "36": {
          "que": 36,
          "type": "mcq",
          "marks": {
            "cm": 4,
            "im": -1
          },
          "pdfData": [
            {
              "x1": 15,
              "x2": 596,
              "y1": 61.44,
              "y2": 406.77,
              "page": 11
            }
          ],
          "answerOptions": "4"
        },
        "37": {
          "que": 37,
          "type": "mcq",
          "marks": {
            "cm": 4,
            "im": -1
          },
          "pdfData": [
            {
              "x1": 15,
              "x2": 596,
              "y1": 426.82,
              "y2": 677.52,
              "page": 11
            }
          ],
          "answerOptions": "4"
        },
        "38": {
          "que": 38,
          "type": "mcq",
          "marks": {
            "cm": 4,
            "im": -1
          },
          "pdfData": [
            {
              "x1": 15,
              "x2": 596,
              "y1": 697.57,
              "y2": 760.77,
              "page": 11
            },
            {
              "x1": 15,
              "x2": 596,
              "y1": 18.83,
              "y2": 481.37,
              "page": 12
            }
          ],
          "answerOptions": "4"
        },
        "39": {
          "que": 39,
          "type": "mcq",
          "marks": {
            "cm": 4,
            "im": -1
          },
          "pdfData": [
            {
              "x1": 15,
              "x2": 596,
              "y1": 503.94,
              "y2": 693.9,
              "page": 12
            }
          ],
          "answerOptions": "4"
        },
        "40": {
          "que": 40,
          "type": "mcq",
          "marks": {
            "cm": 4,
            "im": -1
          },
          "pdfData": [
            {
              "x1": 15,
              "x2": 596,
              "y1": 713.94,
              "y2": 797.4,
              "page": 12
            },
            {
              "x1": 15,
              "x2": 596,
              "y1": 22.44,
              "y2": 120.15,
              "page": 13
            }
          ],
          "answerOptions": "4"
        },
        "41": {
          "que": 41,
          "type": "mcq",
          "marks": {
            "cm": 4,
            "im": -1
          },
          "pdfData": [
            {
              "x1": 15,
              "x2": 596,
              "y1": 140.19,
              "y2": 488.4,
              "page": 13
            }
          ],
          "answerOptions": "4"
        },
        "42": {
          "que": 42,
          "type": "mcq",
          "marks": {
            "cm": 4,
            "im": -1
          },
          "pdfData": [
            {
              "x1": 14.99,
              "x2": 596,
              "y1": 508.44,
              "y2": 797.26,
              "page": 13
            },
            {
              "x1": 15,
              "x2": 596,
              "y1": 21.33,
              "y2": 75.12,
              "page": 14
            }
          ],
          "answerOptions": "4"
        },
        "43": {
          "que": 43,
          "type": "mcq",
          "marks": {
            "cm": 4,
            "im": -1
          },
          "pdfData": [
            {
              "x1": 15,
              "x2": 596,
              "y1": 95.17,
              "y2": 383.63,
              "page": 14
            }
          ],
          "answerOptions": "4"
        },
        "44": {
          "que": 44,
          "type": "mcq",
          "marks": {
            "cm": 4,
            "im": -1
          },
          "pdfData": [
            {
              "x1": 15,
              "x2": 596,
              "y1": 403.68,
              "y2": 593.63,
              "page": 14
            }
          ],
          "answerOptions": "4"
        },
        "45": {
          "que": 45,
          "type": "mcq",
          "marks": {
            "cm": 4,
            "im": -1
          },
          "pdfData": [
            {
              "x1": 15,
              "x2": 596,
              "y1": 613.68,
              "y2": 802.77,
              "page": 14
            },
            {
              "x1": 15,
              "x2": 596,
              "y1": 50.19,
              "y2": 150.54,
              "page": 15
            }
          ],
          "answerOptions": "4"
        }
      },
      "P-NUM": {
        "46": {
          "que": 46,
          "type": "nat",
          "marks": {
            "cm": 4,
            "im": -1
          },
          "pdfData": [
            {
              "x1": 15,
              "x2": 596,
              "y1": 168.69,
              "y2": 479.14,
              "page": 15
            }
          ]
        },
        "47": {
          "que": 47,
          "type": "nat",
          "marks": {
            "cm": 4,
            "im": -1
          },
          "pdfData": [
            {
              "x1": 15,
              "x2": 596,
              "y1": 521.37,
              "y2": 604.82,
              "page": 15
            }
          ]
        },
        "48": {
          "que": 48,
          "type": "nat",
          "marks": {
            "cm": 4,
            "im": -1
          },
          "pdfData": [
            {
              "x1": 15,
              "x2": 596,
              "y1": 624.87,
              "y2": 814.12,
              "page": 15
            }
          ]
        },
        "49": {
          "que": 49,
          "type": "nat",
          "marks": {
            "cm": 4,
            "im": -1
          },
          "pdfData": [
            {
              "x1": 15,
              "x2": 596,
              "y1": 61.44,
              "y2": 148.86,
              "page": 16
            }
          ]
        },
        "50": {
          "que": 50,
          "type": "nat",
          "marks": {
            "cm": 4,
            "im": -1
          },
          "pdfData": [
            {
              "x1": 14.99,
              "x2": 596,
              "y1": 168.9,
              "y2": 257.07,
              "page": 16
            }
          ]
        }
      }
    },
    "Chemistry": {
      "C-MCQ": {
        "51": {
          "que": 51,
          "type": "mcq",
          "marks": {
            "cm": 4,
            "im": -1
          },
          "pdfData": [
            {
              "x1": 15,
              "x2": 596,
              "y1": 277.12,
              "y2": 780.16,
              "page": 16
            },
            {
              "x1": 15,
              "x2": 596,
              "y1": 18.98,
              "y2": 157.28,
              "page": 17
            }
          ],
          "answerOptions": "4"
        },
        "52": {
          "que": 52,
          "type": "mcq",
          "marks": {
            "cm": 4,
            "im": -1
          },
          "pdfData": [
            {
              "x1": 15,
              "x2": 596,
              "y1": 179.32,
              "y2": 349.02,
              "page": 17
            }
          ],
          "answerOptions": "4"
        },
        "53": {
          "que": 53,
          "type": "mcq",
          "marks": {
            "cm": 4,
            "im": -1
          },
          "pdfData": [
            {
              "x1": 15,
              "x2": 596,
              "y1": 369.07,
              "y2": 559.02,
              "page": 17
            }
          ],
          "answerOptions": "4"
        },
        "54": {
          "que": 54,
          "type": "mcq",
          "marks": {
            "cm": 4,
            "im": -1
          },
          "pdfData": [
            {
              "x1": 15,
              "x2": 596,
              "y1": 579.07,
              "y2": 809.52,
              "page": 17
            }
          ],
          "answerOptions": "4"
        },
        "55": {
          "que": 55,
          "type": "mcq",
          "marks": {
            "cm": 4,
            "im": -1
          },
          "pdfData": [
            {
              "x1": 15,
              "x2": 596,
              "y1": 22.44,
              "y2": 215.11,
              "page": 18
            }
          ],
          "answerOptions": "4"
        },
        "56": {
          "que": 56,
          "type": "mcq",
          "marks": {
            "cm": 4,
            "im": -1
          },
          "pdfData": [
            {
              "x1": 15,
              "x2": 596,
              "y1": 233.37,
              "y2": 504.32,
              "page": 18
            }
          ],
          "answerOptions": "4"
        },
        "57": {
          "que": 57,
          "type": "mcq",
          "marks": {
            "cm": 4,
            "im": -1
          },
          "pdfData": [
            {
              "x1": 15,
              "x2": 596,
              "y1": 524.37,
              "y2": 754.15,
              "page": 18
            },
            {
              "x1": 15,
              "x2": 596,
              "y1": 18.9,
              "y2": 322.23,
              "page": 19
            }
          ],
          "answerOptions": "4"
        },
        "58": {
          "que": 58,
          "type": "mcq",
          "marks": {
            "cm": 4,
            "im": -1
          },
          "pdfData": [
            {
              "x1": 15,
              "x2": 596,
              "y1": 364.8,
              "y2": 721.36,
              "page": 19
            },
            {
              "x1": 15,
              "x2": 596,
              "y1": 18.71,
              "y2": 210.22,
              "page": 20
            }
          ],
          "answerOptions": "4"
        },
        "59": {
          "que": 59,
          "type": "mcq",
          "marks": {
            "cm": 4,
            "im": -1
          },
          "pdfData": [
            {
              "x1": 15,
              "x2": 596,
              "y1": 252.5,
              "y2": 442.46,
              "page": 20
            }
          ],
          "answerOptions": "4"
        },
        "60": {
          "que": 60,
          "type": "mcq",
          "marks": {
            "cm": 4,
            "im": -1
          },
          "pdfData": [
            {
              "x1": 15,
              "x2": 596,
              "y1": 462.5,
              "y2": 753.71,
              "page": 20
            }
          ],
          "answerOptions": "4"
        },
        "61": {
          "que": 61,
          "type": "mcq",
          "marks": {
            "cm": 4,
            "im": -1
          },
          "pdfData": [
            {
              "x1": 15,
              "x2": 596,
              "y1": 773.75,
              "y2": 816.71,
              "page": 20
            },
            {
              "x1": 15,
              "x2": 596,
              "y1": 22.44,
              "y2": 188.4,
              "page": 21
            }
          ],
          "answerOptions": "4"
        },
        "62": {
          "que": 62,
          "type": "mcq",
          "marks": {
            "cm": 4,
            "im": -1
          },
          "pdfData": [
            {
              "x1": 15,
              "x2": 596,
              "y1": 208.44,
              "y2": 479.4,
              "page": 21
            }
          ],
          "answerOptions": "4"
        },
        "63": {
          "que": 63,
          "type": "mcq",
          "marks": {
            "cm": 4,
            "im": -1
          },
          "pdfData": [
            {
              "x1": 15,
              "x2": 596,
              "y1": 499.44,
              "y2": 674.33,
              "page": 21
            }
          ],
          "answerOptions": "4"
        },
        "64": {
          "que": 64,
          "type": "mcq",
          "marks": {
            "cm": 4,
            "im": -1
          },
          "pdfData": [
            {
              "x1": 15,
              "x2": 596,
              "y1": 694.38,
              "y2": 811.58,
              "page": 21
            },
            {
              "x1": 15,
              "x2": 596,
              "y1": 22.44,
              "y2": 67.65,
              "page": 22
            }
          ],
          "answerOptions": "4"
        },
        "65": {
          "que": 65,
          "type": "mcq",
          "marks": {
            "cm": 4,
            "im": -1
          },
          "pdfData": [
            {
              "x1": 15,
              "x2": 596,
              "y1": 87.69,
              "y2": 480.11,
              "page": 22
            }
          ],
          "answerOptions": "4"
        },
        "66": {
          "que": 66,
          "type": "mcq",
          "marks": {
            "cm": 4,
            "im": -1
          },
          "pdfData": [
            {
              "x1": 15,
              "x2": 596,
              "y1": 500.15,
              "y2": 725.56,
              "page": 22
            },
            {
              "x1": 15,
              "x2": 596,
              "y1": 18.64,
              "y2": 517.05,
              "page": 23
            }
          ],
          "answerOptions": "4"
        },
        "67": {
          "que": 67,
          "type": "mcq",
          "marks": {
            "cm": 4,
            "im": -1
          },
          "pdfData": [
            {
              "x1": 15,
              "x2": 596,
              "y1": 539.6,
              "y2": 729.83,
              "page": 23
            }
          ],
          "answerOptions": "4"
        },
        "68": {
          "que": 68,
          "type": "mcq",
          "marks": {
            "cm": 4,
            "im": -1
          },
          "pdfData": [
            {
              "x1": 15,
              "x2": 596,
              "y1": 749.88,
              "y2": 813.08,
              "page": 23
            },
            {
              "x1": 15,
              "x2": 596,
              "y1": 22.44,
              "y2": 228.9,
              "page": 24
            }
          ],
          "answerOptions": "4"
        },
        "69": {
          "que": 69,
          "type": "mcq",
          "marks": {
            "cm": 4,
            "im": -1
          },
          "pdfData": [
            {
              "x1": 15,
              "x2": 596,
              "y1": 248.94,
              "y2": 540.17,
              "page": 24
            }
          ],
          "answerOptions": "4"
        },
        "70": {
          "que": 70,
          "type": "mcq",
          "marks": {
            "cm": 4,
            "im": -1
          },
          "pdfData": [
            {
              "x1": 15,
              "x2": 596,
              "y1": 560.22,
              "y2": 819.17,
              "page": 24
            },
            {
              "x1": 15,
              "x2": 596,
              "y1": 22.44,
              "y2": 67.65,
              "page": 25
            }
          ],
          "answerOptions": "4"
        }
      },
      "C-NUM": {
        "71": {
          "que": 71,
          "type": "nat",
          "marks": {
            "cm": 4,
            "im": -1
          },
          "pdfData": [
            {
              "x1": 15,
              "x2": 596,
              "y1": 87.69,
              "y2": 173.91,
              "page": 25
            }
          ]
        },
        "72": {
          "que": 72,
          "type": "nat",
          "marks": {
            "cm": 4,
            "im": -1
          },
          "pdfData": [
            {
              "x1": 15,
              "x2": 596,
              "y1": 192.17,
              "y2": 477.94,
              "page": 25
            }
          ]
        },
        "73": {
          "que": 73,
          "type": "nat",
          "marks": {
            "cm": 4,
            "im": -1
          },
          "pdfData": [
            {
              "x1": 15,
              "x2": 596,
              "y1": 500.9,
              "y2": 584.36,
              "page": 25
            }
          ]
        },
        "74": {
          "que": 74,
          "type": "nat",
          "marks": {
            "cm": 4,
            "im": -1
          },
          "pdfData": [
            {
              "x1": 15,
              "x2": 596,
              "y1": 604.4,
              "y2": 647.36,
              "page": 25
            }
          ]
        },
        "75": {
          "que": 75,
          "type": "nat",
          "marks": {
            "cm": 4,
            "im": -1
          },
          "pdfData": [
            {
              "x1": 15,
              "x2": 596,
              "y1": 667.4,
              "y2": 710.36,
              "page": 25
            }
          ]
        }
      }
    }
  },
  "appVersion": "1.30.2",
  "generatedBy": "answerKeyPage",
  "testAnswerKey": {
    "Maths": {
      "M-MCQ": {
        "1": 1,
        "2": 1,
        "3": 2,
        "4": 2,
        "5": 2,
        "6": 2,
        "7": 3,
        "8": 3,
        "9": 3,
        "10": 3,
        "11": 3,
        "12": 3,
        "13": 4,
        "14": 3,
        "15": 1,
        "16": 2,
        "17": 3,
        "18": 4,
        "19": 3,
        "20": 4
      },
      "M-NUM": {
        "21": "61",
        "22": "3201",
        "23": "3",
        "24": "15",
        "25": "16"
      }
    },
    "Physics": {
      "P-MCQ": {
        "26": 2,
        "27": 1,
        "28": 4,
        "29": 1,
        "30": 2,
        "31": 1,
        "32": 1,
        "33": 1,
        "34": 4,
        "35": 2,
        "36": 3,
        "37": 4,
        "38": 1,
        "39": 2,
        "40": 1,
        "41": 2,
        "42": 2,
        "43": 3,
        "44": 3,
        "45": 2
      },
      "P-NUM": {
        "46": "5",
        "47": "10",
        "48": "5",
        "49": "6",
        "50": "5"
      }
    },
    "Chemistry": {
      "C-MCQ": {
        "51": 2,
        "52": 1,
        "53": 2,
        "54": 1,
        "55": 2,
        "56": 3,
        "57": 2,
        "58": 1,
        "59": 1,
        "60": 3,
        "61": 1,
        "62": 3,
        "63": 4,
        "64": 2,
        "65": 3,
        "66": 3,
        "67": 3,
        "68": 2,
        "69": 1,
        "70": 2
      },
      "C-NUM": {
        "71": "3",
        "72": "10",
        "73": "88",
        "74": "6",
        "75": "12"
      }
    }
  }
}