{
  "testConfig": {
    "pdfFileHash": "5c1024e5bda9906102e4d022ec35817982d6e0007b575cac927ce3f1e6eb9abb"
  },
  "pdfCropperData": {
    "Maths": {
      "M-MCQ": {
        "1": {
          "que": 1,
          "type": "mcq",
          "marks": {
            "cm": 4,
            "im": -1
          },
          "pdfData": [
            {
              "x1": 14.99,
              "x2": 596,
              "y1": 497.63,
              "y2": 673.33,
              "page": 1
            }
          ],
          "answerOptions": "4"
        },
        "2": {
          "que": 2,
          "type": "mcq",
          "marks": {
            "cm": 4,
            "im": -1
          },
          "pdfData": [
            {
              "x1": 14.99,
              "x2": 596,
              "y1": 687.38,
              "y2": 797.08,
              "page": 1
            },
            {
              "x1": 15,
              "x2": 596,
              "y1": 19.44,
              "y2": 123.15,
              "page": 2
            }
          ],
          "answerOptions": "4"
        },
        "3": {
          "que": 3,
          "type": "mcq",
          "marks": {
            "cm": 4,
            "im": -1
          },
          "pdfData": [
            {
              "x1": 15,
              "x2": 596,
              "y1": 137.19,
              "y2": 313.17,
              "page": 2
            }
          ],
          "answerOptions": "4"
        },
        "4": {
          "que": 4,
          "type": "mcq",
          "marks": {
            "cm": 4,
            "im": -1
          },
          "pdfData": [
            {
              "x1": 15,
              "x2": 596,
              "y1": 327.22,
              "y2": 485.61,
              "page": 2
            }
          ],
          "answerOptions": "4"
        },
        "5": {
          "que": 5,
          "type": "mcq",
          "marks": {
            "cm": 4,
            "im": -1
          },
          "pdfData": [
            {
              "x1": 15,
              "x2": 596,
              "y1": 497.87,
              "y2": 673.57,
              "page": 2
            }
          ],
          "answerOptions": "4"
        },
        "6": {
          "que": 6,
          "type": "mcq",
          "marks": {
            "cm": 4,
            "im": -1
          },
          "pdfData": [
            {
              "x1": 15,
              "x2": 596,
              "y1": 687.62,
              "y2": 810.82,
              "page": 2
            },
            {
              "x1": 15,
              "x2": 596,
              "y1": 19.44,
              "y2": 70.65,
              "page": 3
            }
          ],
          "answerOptions": "4"
        },
        "7": {
          "que": 7,
          "type": "mcq",
          "marks": {
            "cm": 4,
            "im": -1
          },
          "pdfData": [
            {
              "x1": 15,
              "x2": 596,
              "y1": 84.69,
              "y2": 293.56,
              "page": 3
            }
          ],
          "answerOptions": "4"
        },
        "8": {
          "que": 8,
          "type": "mcq",
          "marks": {
            "cm": 4,
            "im": -1
          },
          "pdfData": [
            {
              "x1": 15,
              "x2": 596,
              "y1": 307.6,
              "y2": 492.09,
              "page": 3
            }
          ],
          "answerOptions": "4"
        },
        "9": {
          "que": 9,
          "type": "mcq",
          "marks": {
            "cm": 4,
            "im": -1
          },
          "pdfData": [
            {
              "x1": 14.99,
              "x2": 596,
              "y1": 504.13,
              "y2": 662.39,
              "page": 3
            }
          ],
          "answerOptions": "4"
        },
        "10": {
          "que": 10,
          "type": "mcq",
          "marks": {
            "cm": 4,
            "im": -1
          },
          "pdfData": [
            {
              "x1": 15,
              "x2": 596,
              "y1": 674.64,
              "y2": 813.6,
              "page": 3
            },
            {
              "x1": 15,
              "x2": 596,
              "y1": 19.44,
              "y2": 99.13,
              "page": 4
            }
          ],
          "answerOptions": "4"
        },
        "11": {
          "que": 11,
          "type": "mcq",
          "marks": {
            "cm": 4,
            "im": -1
          },
          "pdfData": [
            {
              "x1": 15,
              "x2": 596,
              "y1": 111.17,
              "y2": 287.05,
              "page": 4
            }
          ],
          "answerOptions": "4"
        },
        "12": {
          "que": 12,
          "type": "mcq",
          "marks": {
            "cm": 4,
            "im": -1
          },
          "pdfData": [
            {
              "x1": 15,
              "x2": 596,
              "y1": 301.09,
              "y2": 510.43,
              "page": 4
            }
          ],
          "answerOptions": "4"
        },
        "13": {
          "que": 13,
          "type": "mcq",
          "marks": {
            "cm": 4,
            "im": -1
          },
          "pdfData": [
            {
              "x1": 15,
              "x2": 596,
              "y1": 522.68,
              "y2": 734.71,
              "page": 4
            }
          ],
          "answerOptions": "4"
        },
        "14": {
          "que": 14,
          "type": "mcq",
          "marks": {
            "cm": 4,
            "im": -1
          },
          "pdfData": [
            {
              "x1": 15,
              "x2": 596,
              "y1": 748.75,
              "y2": 817.96,
              "page": 4
            },
            {
              "x1": 15,
              "x2": 596,
              "y1": 19.44,
              "y2": 123.15,
              "page": 5
            }
          ],
          "answerOptions": "4"
        },
        "15": {
          "que": 15,
          "type": "mcq",
          "marks": {
            "cm": 4,
            "im": -1
          },
          "pdfData": [
            {
              "x1": 15,
              "x2": 596,
              "y1": 137.19,
              "y2": 300.9,
              "page": 5
            }
          ],
          "answerOptions": "4"
        },
        "16": {
          "que": 16,
          "type": "mcq",
          "marks": {
            "cm": 4,
            "im": -1
          },
          "pdfData": [
            {
              "x1": 15,
              "x2": 596,
              "y1": 314.94,
              "y2": 490.65,
              "page": 5
            }
          ],
          "answerOptions": "4"
        },
        "17": {
          "que": 17,
          "type": "mcq",
          "marks": {
            "cm": 4,
            "im": -1
          },
          "pdfData": [
            {
              "x1": 15,
              "x2": 596,
              "y1": 504.69,
              "y2": 661.03,
              "page": 5
            }
          ],
          "answerOptions": "4"
        },
        "18": {
          "que": 18,
          "type": "mcq",
          "marks": {
            "cm": 4,
            "im": -1
          },
          "pdfData": [
            {
              "x1": 15,
              "x2": 596,
              "y1": 675.08,
              "y2": 815.82,
              "page": 5
            },
            {
              "x1": 15,
              "x2": 596,
              "y1": 19.44,
              "y2": 96.9,
              "page": 6
            }
          ],
          "answerOptions": "4"
        },
        "19": {
          "que": 19,
          "type": "mcq",
          "marks": {
            "cm": 4,
            "im": -1
          },
          "pdfData": [
            {
              "x1": 15,
              "x2": 596,
              "y1": 110.94,
              "y2": 288.8,
              "page": 6
            }
          ],
          "answerOptions": "4"
        },
        "20": {
          "que": 20,
          "type": "mcq",
          "marks": {
            "cm": 4,
            "im": -1
          },
          "pdfData": [
            {
              "x1": 14.99,
              "x2": 596,
              "y1": 300.84,
              "y2": 462.77,
              "page": 6
            }
          ],
          "answerOptions": "4"
        }
      },
      "M-NUM": {
        "21": {
          "que": 21,
          "type": "nat",
          "marks": {
            "cm": 4,
            "im": -1
          },
          "pdfData": [
            {
              "x1": 15,
              "x2": 596,
              "y1": 479.82,
              "y2": 545.99,
              "page": 6
            }
          ]
        },
        "22": {
          "que": 22,
          "type": "nat",
          "marks": {
            "cm": 4,
            "im": -1
          },
          "pdfData": [
            {
              "x1": 15,
              "x2": 596,
              "y1": 564.24,
              "y2": 612.76,
              "page": 6
            }
          ]
        },
        "23": {
          "que": 23,
          "type": "nat",
          "marks": {
            "cm": 4,
            "im": -1
          },
          "pdfData": [
            {
              "x1": 15,
              "x2": 596,
              "y1": 634.72,
              "y2": 681.75,
              "page": 6
            }
          ]
        },
        "24": {
          "que": 24,
          "type": "nat",
          "marks": {
            "cm": 4,
            "im": -1
          },
          "pdfData": [
            {
              "x1": 15,
              "x2": 596,
              "y1": 704.19,
              "y2": 767.4,
              "page": 6
            }
          ]
        },
        "25": {
          "que": 25,
          "type": "nat",
          "marks": {
            "cm": 4,
            "im": -1
          },
          "pdfData": [
            {
              "x1": 15,
              "x2": 596,
              "y1": 787.44,
              "y2": 806.4,
              "page": 6
            },
            {
              "x1": 15,
              "x2": 596,
              "y1": 22.44,
              "y2": 81.9,
              "page": 7
            }
          ]
        }
      }
    },
    "Physics": {
      "P-MCQ": {
        "26": {
          "que": 26,
          "type": "mcq",
          "marks": {
            "cm": 4,
            "im": -1
          },
          "pdfData": [
            {
              "x1": 15,
              "x2": 596,
              "y1": 101.94,
              "y2": 291.9,
              "page": 7
            }
          ],
          "answerOptions": "4"
        },
        "27": {
          "que": 27,
          "type": "mcq",
          "marks": {
            "cm": 4,
            "im": -1
          },
          "pdfData": [
            {
              "x1": 15,
              "x2": 596,
              "y1": 311.94,
              "y2": 487.21,
              "page": 7
            }
          ],
          "answerOptions": "4"
        },
        "28": {
          "que": 28,
          "type": "mcq",
          "marks": {
            "cm": 4,
            "im": -1
          },
          "pdfData": [
            {
              "x1": 15,
              "x2": 596,
              "y1": 505.25,
              "y2": 783.08,
              "page": 7
            }
          ],
          "answerOptions": "4"
        },
        "29": {
          "que": 29,
          "type": "mcq",
          "marks": {
            "cm": 4,
            "im": -1
          },
          "pdfData": [
            {
              "x1": 15,
              "x2": 596,
              "y1": 22.44,
              "y2": 192.15,
              "page": 8
            }
          ],
          "answerOptions": "4"
        },
        "30": {
          "que": 30,
          "type": "mcq",
          "marks": {
            "cm": 4,
            "im": -1
          },
          "pdfData": [
            {
              "x1": 15,
              "x2": 596,
              "y1": 212.19,
              "y2": 610.77,
              "page": 8
            }
          ],
          "answerOptions": "4"
        },
        "31": {
          "que": 31,
          "type": "mcq",
          "marks": {
            "cm": 4,
            "im": -1
          },
          "pdfData": [
            {
              "x1": 15,
              "x2": 596,
              "y1": 630.82,
              "y2": 791.52,
              "page": 8
            },
            {
              "x1": 15,
              "x2": 596,
              "y1": 22.44,
              "y2": 187.65,
              "page": 9
            }
          ],
          "answerOptions": "4"
        },
        "32": {
          "que": 32,
          "type": "mcq",
          "marks": {
            "cm": 4,
            "im": -1
          },
          "pdfData": [
            {
              "x1": 15,
              "x2": 596,
              "y1": 207.69,
              "y2": 397.65,
              "page": 9
            }
          ],
          "answerOptions": "4"
        },
        "33": {
          "que": 33,
          "type": "mcq",
          "marks": {
            "cm": 4,
            "im": -1
          },
          "pdfData": [
            {
              "x1": 15,
              "x2": 596,
              "y1": 417.69,
              "y2": 590.63,
              "page": 9
            }
          ],
          "answerOptions": "4"
        },
        "34": {
          "que": 34,
          "type": "mcq",
          "marks": {
            "cm": 4,
            "im": -1
          },
          "pdfData": [
            {
              "x1": 15,
              "x2": 596,
              "y1": 608.88,
              "y2": 795.29,
              "page": 9
            },
            {
              "x1": 15,
              "x2": 596,
              "y1": 22.44,
              "y2": 120.15,
              "page": 10
            }
          ],
          "answerOptions": "4"
        },
        "35": {
          "que": 35,
          "type": "mcq",
          "marks": {
            "cm": 4,
            "im": -1
          },
          "pdfData": [
            {
              "x1": 15,
              "x2": 596,
              "y1": 140.19,
              "y2": 350.4,
              "page": 10
            }
          ],
          "answerOptions": "4"
        },
        "36": {
          "que": 36,
          "type": "mcq",
          "marks": {
            "cm": 4,
            "im": -1
          },
          "pdfData": [
            {
              "x1": 15,
              "x2": 596,
              "y1": 370.44,
              "y2": 739.77,
              "page": 10
            }
          ],
          "answerOptions": "4"
        },
        "37": {
          "que": 37,
          "type": "mcq",
          "marks": {
            "cm": 4,
            "im": -1
          },
          "pdfData": [
            {
              "x1": 15,
              "x2": 596,
              "y1": 759.82,
              "y2": 802.77,
              "page": 10
            },
            {
              "x1": 15,
              "x2": 596,
              "y1": 22.44,
              "y2": 188.4,
              "page": 11
            }
          ],
          "answerOptions": "4"
        },
        "38": {
          "que": 38,
          "type": "mcq",
          "marks": {
            "cm": 4,
            "im": -1
          },
          "pdfData": [
            {
              "x1": 15,
              "x2": 596,
              "y1": 208.44,
              "y2": 578.68,
              "page": 11
            }
          ],
          "answerOptions": "4"
        },
        "39": {
          "que": 39,
          "type": "mcq",
          "marks": {
            "cm": 4,
            "im": -1
          },
          "pdfData": [
            {
              "x1": 15,
              "x2": 596,
              "y1": 596.95,
              "y2": 804.98,
              "page": 11
            },
            {
              "x1": 15,
              "x2": 596,
              "y1": 22.44,
              "y2": 138.56,
              "page": 12
            }
          ],
          "answerOptions": "4"
        },
        "40": {
          "que": 40,
          "type": "mcq",
          "marks": {
            "cm": 4,
            "im": -1
          },
          "pdfData": [
            {
              "x1": 15,
              "x2": 596,
              "y1": 159.99,
              "y2": 331.37,
              "page": 12
            }
          ],
          "answerOptions": "4"
        },
        "41": {
          "que": 41,
          "type": "mcq",
          "marks": {
            "cm": 4,
            "im": -1
          },
          "pdfData": [
            {
              "x1": 15,
              "x2": 596,
              "y1": 351.42,
              "y2": 561.7,
              "page": 12
            }
          ],
          "answerOptions": "4"
        },
        "42": {
          "que": 42,
          "type": "mcq",
          "marks": {
            "cm": 4,
            "im": -1
          },
          "pdfData": [
            {
              "x1": 15,
              "x2": 596,
              "y1": 581.74,
              "y2": 751.45,
              "page": 12
            }
          ],
          "answerOptions": "4"
        },
        "43": {
          "que": 43,
          "type": "mcq",
          "marks": {
            "cm": 4,
            "im": -1
          },
          "pdfData": [
            {
              "x1": 15,
              "x2": 596,
              "y1": 771.49,
              "y2": 814.45,
              "page": 12
            },
            {
              "x1": 15,
              "x2": 596,
              "y1": 18.85,
              "y2": 466.77,
              "page": 13
            }
          ],
          "answerOptions": "4"
        },
        "44": {
          "que": 44,
          "type": "mcq",
          "marks": {
            "cm": 4,
            "im": -1
          },
          "pdfData": [
            {
              "x1": 15,
              "x2": 596,
              "y1": 486.82,
              "y2": 676.77,
              "page": 13
            }
          ],
          "answerOptions": "4"
        },
        "45": {
          "que": 45,
          "type": "mcq",
          "marks": {
            "cm": 4,
            "im": -1
          },
          "pdfData": [
            {
              "x1": 15,
              "x2": 596,
              "y1": 696.82,
              "y2": 801.62,
              "page": 13
            },
            {
              "x1": 15,
              "x2": 596,
              "y1": 22.44,
              "y2": 299.52,
              "page": 14
            }
          ],
          "answerOptions": "4"
        }
      },
      "P-NUM": {
        "46": {
          "que": 46,
          "type": "nat",
          "marks": {
            "cm": 4,
            "im": -1
          },
          "pdfData": [
            {
              "x1": 15,
              "x2": 596,
              "y1": 319.57,
              "y2": 405.1,
              "page": 14
            }
          ]
        },
        "47": {
          "que": 47,
          "type": "nat",
          "marks": {
            "cm": 4,
            "im": -1
          },
          "pdfData": [
            {
              "x1": 15,
              "x2": 596,
              "y1": 423.25,
              "y2": 703.33,
              "page": 14
            }
          ]
        },
        "48": {
          "que": 48,
          "type": "nat",
          "marks": {
            "cm": 4,
            "im": -1
          },
          "pdfData": [
            {
              "x1": 15,
              "x2": 596,
              "y1": 723.38,
              "y2": 788.66,
              "page": 14
            }
          ]
        },
        "49": {
          "que": 49,
          "type": "nat",
          "marks": {
            "cm": 4,
            "im": -1
          },
          "pdfData": [
            {
              "x1": 15,
              "x2": 596,
              "y1": 22.44,
              "y2": 105.9,
              "page": 15
            }
          ]
        },
        "50": {
          "que": 50,
          "type": "nat",
          "marks": {
            "cm": 4,
            "im": -1
          },
          "pdfData": [
            {
              "x1": 15,
              "x2": 596,
              "y1": 125.94,
              "y2": 193.03,
              "page": 15
            }
          ]
        }
      }
    },
    "Chemistry": {
      "C-MCQ": {
        "51": {
          "que": 51,
          "type": "mcq",
          "marks": {
            "cm": 4,
            "im": -1
          },
          "pdfData": [
            {
              "x1": 15,
              "x2": 596,
              "y1": 211.15,
              "y2": 461.86,
              "page": 15
            }
          ],
          "answerOptions": "4"
        },
        "52": {
          "que": 52,
          "type": "mcq",
          "marks": {
            "cm": 4,
            "im": -1
          },
          "pdfData": [
            {
              "x1": 15,
              "x2": 596,
              "y1": 481.9,
              "y2": 817.86,
              "page": 15
            },
            {
              "x1": 15,
              "x2": 596,
              "y1": 19.6,
              "y2": 127.11,
              "page": 16
            }
          ],
          "answerOptions": "4"
        },
        "53": {
          "que": 53,
          "type": "mcq",
          "marks": {
            "cm": 4,
            "im": -1
          },
          "pdfData": [
            {
              "x1": 15,
              "x2": 596,
              "y1": 144.69,
              "y2": 371.4,
              "page": 16
            }
          ],
          "answerOptions": "4"
        },
        "54": {
          "que": 54,
          "type": "mcq",
          "marks": {
            "cm": 4,
            "im": -1
          },
          "pdfData": [
            {
              "x1": 15,
              "x2": 596,
              "y1": 391.44,
              "y2": 581.4,
              "page": 16
            }
          ],
          "answerOptions": "4"
        },
        "55": {
          "que": 55,
          "type": "mcq",
          "marks": {
            "cm": 4,
            "im": -1
          },
          "pdfData": [
            {
              "x1": 15,
              "x2": 596,
              "y1": 601.44,
              "y2": 750.9,
              "page": 16
            }
          ],
          "answerOptions": "4"
        },
        "56": {
          "que": 56,
          "type": "mcq",
          "marks": {
            "cm": 4,
            "im": -1
          },
          "pdfData": [
            {
              "x1": 15,
              "x2": 596,
              "y1": 770.94,
              "y2": 813.9,
              "page": 16
            },
            {
              "x1": 15,
              "x2": 596,
              "y1": 40.6,
              "y2": 302.56,
              "page": 17
            }
          ],
          "answerOptions": "4"
        },
        "57": {
          "que": 57,
          "type": "mcq",
          "marks": {
            "cm": 4,
            "im": -1
          },
          "pdfData": [
            {
              "x1": 15,
              "x2": 596,
              "y1": 322.6,
              "y2": 492.31,
              "page": 17
            }
          ],
          "answerOptions": "4"
        },
        "58": {
          "que": 58,
          "type": "mcq",
          "marks": {
            "cm": 4,
            "im": -1
          },
          "pdfData": [
            {
              "x1": 14.99,
              "x2": 596,
              "y1": 512.35,
              "y2": 783.38,
              "page": 17
            }
          ],
          "answerOptions": "4"
        },
        "59": {
          "que": 59,
          "type": "mcq",
          "marks": {
            "cm": 4,
            "im": -1
          },
          "pdfData": [
            {
              "x1": 15,
              "x2": 596,
              "y1": 22.44,
              "y2": 212.4,
              "page": 18
            }
          ],
          "answerOptions": "4"
        },
        "60": {
          "que": 60,
          "type": "mcq",
          "marks": {
            "cm": 4,
            "im": -1
          },
          "pdfData": [
            {
              "x1": 15,
              "x2": 596,
              "y1": 232.44,
              "y2": 402.15,
              "page": 18
            }
          ],
          "answerOptions": "4"
        },
        "61": {
          "que": 61,
          "type": "mcq",
          "marks": {
            "cm": 4,
            "im": -1
          },
          "pdfData": [
            {
              "x1": 15,
              "x2": 596,
              "y1": 422.19,
              "y2": 591.9,
              "page": 18
            }
          ],
          "answerOptions": "4"
        },
        "62": {
          "que": 62,
          "type": "mcq",
          "marks": {
            "cm": 4,
            "im": -1
          },
          "pdfData": [
            {
              "x1": 15,
              "x2": 596,
              "y1": 611.94,
              "y2": 801.9,
              "page": 18
            }
          ],
          "answerOptions": "4"
        },
        "63": {
          "que": 63,
          "type": "mcq",
          "marks": {
            "cm": 4,
            "im": -1
          },
          "pdfData": [
            {
              "x1": 15,
              "x2": 596,
              "y1": 22.44,
              "y2": 432.27,
              "page": 19
            }
          ],
          "answerOptions": "4"
        },
        "64": {
          "que": 64,
          "type": "mcq",
          "marks": {
            "cm": 4,
            "im": -1
          },
          "pdfData": [
            {
              "x1": 15,
              "x2": 596,
              "y1": 452.32,
              "y2": 725.67,
              "page": 19
            }
          ],
          "answerOptions": "4"
        },
        "65": {
          "que": 65,
          "type": "mcq",
          "marks": {
            "cm": 4,
            "im": -1
          },
          "pdfData": [
            {
              "x1": 15,
              "x2": 596,
              "y1": 745.72,
              "y2": 808.92,
              "page": 19
            },
            {
              "x1": 15,
              "x2": 596,
              "y1": 28.27,
              "y2": 158.35,
              "page": 20
            }
          ],
          "answerOptions": "4"
        },
        "66": {
          "que": 66,
          "type": "mcq",
          "marks": {
            "cm": 4,
            "im": -1
          },
          "pdfData": [
            {
              "x1": 15,
              "x2": 596,
              "y1": 176.6,
              "y2": 475.78,
              "page": 20
            }
          ],
          "answerOptions": "4"
        },
        "67": {
          "que": 67,
          "type": "mcq",
          "marks": {
            "cm": 4,
            "im": -1
          },
          "pdfData": [
            {
              "x1": 15,
              "x2": 596,
              "y1": 495.83,
              "y2": 791.12,
              "page": 20
            },
            {
              "x1": 15,
              "x2": 596,
              "y1": 19.59,
              "y2": 369.61,
              "page": 21
            }
          ],
          "answerOptions": "4"
        },
        "68": {
          "que": 68,
          "type": "mcq",
          "marks": {
            "cm": 4,
            "im": -1
          },
          "pdfData": [
            {
              "x1": 15,
              "x2": 596,
              "y1": 391.82,
              "y2": 815.04,
              "page": 21
            },
            {
              "x1": 15,
              "x2": 596,
              "y1": 22.44,
              "y2": 41.4,
              "page": 22
            }
          ],
          "answerOptions": "4"
        },
        "69": {
          "que": 69,
          "type": "mcq",
          "marks": {
            "cm": 4,
            "im": -1
          },
          "pdfData": [
            {
              "x1": 15,
              "x2": 596,
              "y1": 61.44,
              "y2": 493.65,
              "page": 22
            }
          ],
          "answerOptions": "4"
        },
        "70": {
          "que": 70,
          "type": "mcq",
          "marks": {
            "cm": 4,
            "im": -1
          },
          "pdfData": [
            {
              "x1": 15,
              "x2": 596,
              "y1": 515.08,
              "y2": 802.06,
              "page": 22
            }
          ],
          "answerOptions": "4"
        }
      },
      "C-NUM": {
        "71": {
          "que": 71,
          "type": "nat",
          "marks": {
            "cm": 4,
            "im": -1
          },
          "pdfData": [
            {
              "x1": 15,
              "x2": 596,
              "y1": 22.44,
              "y2": 105.9,
              "page": 23
            }
          ]
        },
        "72": {
          "que": 72,
          "type": "nat",
          "marks": {
            "cm": 4,
            "im": -1
          },
          "pdfData": [
            {
              "x1": 15,
              "x2": 596,
              "y1": 125.94,
              "y2": 209.4,
              "page": 23
            }
          ]
        },
        "73": {
          "que": 73,
          "type": "nat",
          "marks": {
            "cm": 4,
            "im": -1
          },
          "pdfData": [
            {
              "x1": 15,
              "x2": 596,
              "y1": 229.44,
              "y2": 312.9,
              "page": 23
            }
          ]
        },
        "74": {
          "que": 74,
          "type": "nat",
          "marks": {
            "cm": 4,
            "im": -1
          },
          "pdfData": [
            {
              "x1": 15,
              "x2": 596,
              "y1": 332.94,
              "y2": 728.73,
              "page": 23
            },
            {
              "x1": 15,
              "x2": 596,
              "y1": 18.68,
              "y2": 308.36,
              "page": 24
            }
          ]
        },
        "75": {
          "que": 75,
          "type": "nat",
          "marks": {
            "cm": 4,
            "im": -1
          },
          "pdfData": [
            {
              "x1": 15,
              "x2": 596,
              "y1": 330.32,
              "y2": 434.02,
              "page": 24
            }
          ]
        }
      }
    }
  },
  "appVersion": "1.30.2",
  "generatedBy": "answerKeyPage",
  "testAnswerKey": {
    "Maths": {
      "M-MCQ": {
        "1": 4,
        "2": 3,
        "3": 2,
        "4": 1,
        "5": 1,
        "6": 3,
        "7": 2,
        "8": 2,
        "9": 2,
        "10": 2,
        "11": 3,
        "12": 3,
        "13": 1,
        "14": 2,
        "15": 3,
        "16": 4,
        "17": 1,
        "18": 4,
        "19": 4,
        "20": 2
      },
      "M-NUM": {
        "21": "3",
        "22": "1",
        "23": "7",
        "24": "44",
        "25": "1"
      }
    },
    "Physics": {
      "P-MCQ": {
        "26": 3,
        "27": 3,
        "28": 3,
        "29": 1,
        "30": 2,
        "31": 4,
        "32": 1,
        "33": 4,
        "34": 3,
        "35": 1,
        "36": 4,
        "37": 3,
        "38": 4,
        "39": 4,
        "40": 3,
        "41": 3,
        "42": 2,
        "43": 3,
        "44": 1,
        "45": 4
      },
      "P-NUM": {
        "46": "6",
        "47": "52",
        "48": "10000",
        "49": "4",
        "50": "2"
      }
    },
    "Chemistry": {
      "C-MCQ": {
        "51": 2,
        "52": 3,
        "53": 1,
        "54": 4,
        "55": 4,
        "56": 2,
        "57": 1,
        "58": 3,
        "59": 4,
        "60": 2,
        "61": 4,
        "62": 4,
        "63": 2,
        "64": 1,
        "65": 3,
        "66": 1,
        "67": 2,
        "68": 3,
        "69": 2,
        "70": 3
      },
      "C-NUM": {
        "71": "17",
        "72": "174",
        "73": "120",
        "74": "4",
        "75": "56"
      }
    }
  }
}