{
  "testConfig": {
    "pdfFileHash": "23dfdb310d4acf1e03b3b3d2cebe2f70b501a14a36afcb06f293d9af8fb3780e"
  },
  "pdfCropperData": {
    "Maths": {
      "M-MCQ": {
        "1": {
          "que": 1,
          "type": "mcq",
          "marks": {
            "cm": 4,
            "im": -1
          },
          "pdfData": [
            {
              "x1": 14.99,
              "x2": 596,
              "y1": 497.63,
              "y2": 673.62,
              "page": 1
            }
          ],
          "answerOptions": "4"
        },
        "2": {
          "que": 2,
          "type": "mcq",
          "marks": {
            "cm": 4,
            "im": -1
          },
          "pdfData": [
            {
              "x1": 15,
              "x2": 596,
              "y1": 687.67,
              "y2": 804.87,
              "page": 1
            },
            {
              "x1": 15,
              "x2": 596,
              "y1": 19.44,
              "y2": 96.9,
              "page": 2
            }
          ],
          "answerOptions": "4"
        },
        "3": {
          "que": 3,
          "type": "mcq",
          "marks": {
            "cm": 4,
            "im": -1
          },
          "pdfData": [
            {
              "x1": 15,
              "x2": 596,
              "y1": 110.94,
              "y2": 269.4,
              "page": 2
            }
          ],
          "answerOptions": "4"
        },
        "4": {
          "que": 4,
          "type": "mcq",
          "marks": {
            "cm": 4,
            "im": -1
          },
          "pdfData": [
            {
              "x1": 15,
              "x2": 596,
              "y1": 283.44,
              "y2": 462.73,
              "page": 2
            }
          ],
          "answerOptions": "4"
        },
        "5": {
          "que": 5,
          "type": "mcq",
          "marks": {
            "cm": 4,
            "im": -1
          },
          "pdfData": [
            {
              "x1": 15,
              "x2": 596,
              "y1": 476.78,
              "y2": 655.45,
              "page": 2
            }
          ],
          "answerOptions": "4"
        },
        "6": {
          "que": 6,
          "type": "mcq",
          "marks": {
            "cm": 4,
            "im": -1
          },
          "pdfData": [
            {
              "x1": 15,
              "x2": 596,
              "y1": 669.49,
              "y2": 810.53,
              "page": 2
            },
            {
              "x1": 15,
              "x2": 596,
              "y1": 19.44,
              "y2": 96.9,
              "page": 3
            }
          ],
          "answerOptions": "4"
        },
        "7": {
          "que": 7,
          "type": "mcq",
          "marks": {
            "cm": 4,
            "im": -1
          },
          "pdfData": [
            {
              "x1": 15,
              "x2": 596,
              "y1": 110.94,
              "y2": 266.4,
              "page": 3
            }
          ],
          "answerOptions": "4"
        },
        "8": {
          "que": 8,
          "type": "mcq",
          "marks": {
            "cm": 4,
            "im": -1
          },
          "pdfData": [
            {
              "x1": 15,
              "x2": 596,
              "y1": 280.44,
              "y2": 459.16,
              "page": 3
            }
          ],
          "answerOptions": "4"
        },
        "9": {
          "que": 9,
          "type": "mcq",
          "marks": {
            "cm": 4,
            "im": -1
          },
          "pdfData": [
            {
              "x1": 15,
              "x2": 596,
              "y1": 471.42,
              "y2": 646.57,
              "page": 3
            }
          ],
          "answerOptions": "4"
        },
        "10": {
          "que": 10,
          "type": "mcq",
          "marks": {
            "cm": 4,
            "im": -1
          },
          "pdfData": [
            {
              "x1": 15,
              "x2": 596,
              "y1": 667.09,
              "y2": 822.01,
              "page": 3
            },
            {
              "x1": 15,
              "x2": 596,
              "y1": 19.44,
              "y2": 46.48,
              "page": 4
            }
          ],
          "answerOptions": "4"
        },
        "11": {
          "que": 11,
          "type": "mcq",
          "marks": {
            "cm": 4,
            "im": -1
          },
          "pdfData": [
            {
              "x1": 15,
              "x2": 596,
              "y1": 60.44,
              "y2": 236.86,
              "page": 4
            }
          ],
          "answerOptions": "4"
        },
        "12": {
          "que": 12,
          "type": "mcq",
          "marks": {
            "cm": 4,
            "im": -1
          },
          "pdfData": [
            {
              "x1": 15,
              "x2": 596,
              "y1": 250.9,
              "y2": 481.86,
              "page": 4
            }
          ],
          "answerOptions": "4"
        },
        "13": {
          "que": 13,
          "type": "mcq",
          "marks": {
            "cm": 4,
            "im": -1
          },
          "pdfData": [
            {
              "x1": 15,
              "x2": 596,
              "y1": 498.3,
              "y2": 674.01,
              "page": 4
            }
          ],
          "answerOptions": "4"
        },
        "14": {
          "que": 14,
          "type": "mcq",
          "marks": {
            "cm": 4,
            "im": -1
          },
          "pdfData": [
            {
              "x1": 15,
              "x2": 596,
              "y1": 688.05,
              "y2": 811.26,
              "page": 4
            },
            {
              "x1": 15,
              "x2": 596,
              "y1": 19.44,
              "y2": 70.65,
              "page": 5
            }
          ],
          "answerOptions": "4"
        },
        "15": {
          "que": 15,
          "type": "mcq",
          "marks": {
            "cm": 4,
            "im": -1
          },
          "pdfData": [
            {
              "x1": 15,
              "x2": 596,
              "y1": 84.69,
              "y2": 261.85,
              "page": 5
            }
          ],
          "answerOptions": "4"
        },
        "16": {
          "que": 16,
          "type": "mcq",
          "marks": {
            "cm": 4,
            "im": -1
          },
          "pdfData": [
            {
              "x1": 15,
              "x2": 596,
              "y1": 275.89,
              "y2": 451.96,
              "page": 5
            }
          ],
          "answerOptions": "4"
        },
        "17": {
          "que": 17,
          "type": "mcq",
          "marks": {
            "cm": 4,
            "im": -1
          },
          "pdfData": [
            {
              "x1": 15,
              "x2": 596,
              "y1": 466,
              "y2": 681.85,
              "page": 5
            }
          ],
          "answerOptions": "4"
        },
        "18": {
          "que": 18,
          "type": "mcq",
          "marks": {
            "cm": 4,
            "im": -1
          },
          "pdfData": [
            {
              "x1": 15,
              "x2": 596,
              "y1": 697.63,
              "y2": 822.17,
              "page": 5
            },
            {
              "x1": 15,
              "x2": 596,
              "y1": 19.44,
              "y2": 70.65,
              "page": 6
            }
          ],
          "answerOptions": "4"
        },
        "19": {
          "que": 19,
          "type": "mcq",
          "marks": {
            "cm": 4,
            "im": -1
          },
          "pdfData": [
            {
              "x1": 15,
              "x2": 596,
              "y1": 84.69,
              "y2": 260.58000000000004,
              "page": 6
            }
          ],
          "answerOptions": "4"
        },
        "20": {
          "que": 20,
          "type": "mcq",
          "marks": {
            "cm": 4,
            "im": -1
          },
          "pdfData": [
            {
              "x1": 14.99,
              "x2": 596,
              "y1": 274.63,
              "y2": 431.31,
              "page": 6
            }
          ],
          "answerOptions": "4"
        }
      },
      "M-NUM": {
        "21": {
          "que": 21,
          "type": "nat",
          "marks": {
            "cm": 4,
            "im": -1
          },
          "pdfData": [
            {
              "x1": 15,
              "x2": 596,
              "y1": 448.35,
              "y2": 533.83,
              "page": 6
            }
          ]
        },
        "22": {
          "que": 22,
          "type": "nat",
          "marks": {
            "cm": 4,
            "im": -1
          },
          "pdfData": [
            {
              "x1": 15,
              "x2": 596,
              "y1": 553.88,
              "y2": 634.36,
              "page": 6
            }
          ]
        },
        "23": {
          "que": 23,
          "type": "nat",
          "marks": {
            "cm": 4,
            "im": -1
          },
          "pdfData": [
            {
              "x1": 15,
              "x2": 596,
              "y1": 654.4,
              "y2": 732.51,
              "page": 6
            }
          ]
        },
        "24": {
          "que": 24,
          "type": "nat",
          "marks": {
            "cm": 4,
            "im": -1
          },
          "pdfData": [
            {
              "x1": 15,
              "x2": 596,
              "y1": 752.55,
              "y2": 795.51,
              "page": 6
            }
          ]
        },
        "25": {
          "que": 25,
          "type": "nat",
          "marks": {
            "cm": 4,
            "im": -1
          },
          "pdfData": [
            {
              "x1": 15,
              "x2": 596,
              "y1": 22.44,
              "y2": 68.88,
              "page": 7
            }
          ]
        }
      }
    },
    "Physics": {
      "P-MCQ": {
        "26": {
          "que": 26,
          "type": "mcq",
          "marks": {
            "cm": 4,
            "im": -1
          },
          "pdfData": [
            {
              "x1": 15,
              "x2": 596,
              "y1": 87.29,
              "y2": 435.5,
              "page": 7
            }
          ],
          "answerOptions": "4"
        },
        "27": {
          "que": 27,
          "type": "mcq",
          "marks": {
            "cm": 4,
            "im": -1
          },
          "pdfData": [
            {
              "x1": 14.99,
              "x2": 596,
              "y1": 455.54,
              "y2": 798.6,
              "page": 7
            }
          ],
          "answerOptions": "4"
        },
        "28": {
          "que": 28,
          "type": "mcq",
          "marks": {
            "cm": 4,
            "im": -1
          },
          "pdfData": [
            {
              "x1": 15,
              "x2": 596,
              "y1": 22.44,
              "y2": 212.4,
              "page": 8
            }
          ],
          "answerOptions": "4"
        },
        "29": {
          "que": 29,
          "type": "mcq",
          "marks": {
            "cm": 4,
            "im": -1
          },
          "pdfData": [
            {
              "x1": 15,
              "x2": 596,
              "y1": 232.44,
              "y2": 502.78,
              "page": 8
            }
          ],
          "answerOptions": "4"
        },
        "30": {
          "que": 30,
          "type": "mcq",
          "marks": {
            "cm": 4,
            "im": -1
          },
          "pdfData": [
            {
              "x1": 15,
              "x2": 596,
              "y1": 521.89,
              "y2": 714.5,
              "page": 8
            }
          ],
          "answerOptions": "4"
        },
        "31": {
          "que": 31,
          "type": "mcq",
          "marks": {
            "cm": 4,
            "im": -1
          },
          "pdfData": [
            {
              "x1": 15,
              "x2": 596,
              "y1": 732.75,
              "y2": 816.21,
              "page": 8
            },
            {
              "x1": 15,
              "x2": 596,
              "y1": 22.44,
              "y2": 147.9,
              "page": 9
            }
          ],
          "answerOptions": "4"
        },
        "32": {
          "que": 32,
          "type": "mcq",
          "marks": {
            "cm": 4,
            "im": -1
          },
          "pdfData": [
            {
              "x1": 15,
              "x2": 596,
              "y1": 167.94,
              "y2": 435.77,
              "page": 9
            }
          ],
          "answerOptions": "4"
        },
        "33": {
          "que": 33,
          "type": "mcq",
          "marks": {
            "cm": 4,
            "im": -1
          },
          "pdfData": [
            {
              "x1": 15,
              "x2": 596,
              "y1": 455.82,
              "y2": 726.77,
              "page": 9
            }
          ],
          "answerOptions": "4"
        },
        "34": {
          "que": 34,
          "type": "mcq",
          "marks": {
            "cm": 4,
            "im": -1
          },
          "pdfData": [
            {
              "x1": 15,
              "x2": 596,
              "y1": 746.82,
              "y2": 819.77,
              "page": 9
            },
            {
              "x1": 15,
              "x2": 596,
              "y1": 18.76,
              "y2": 648.65,
              "page": 10
            }
          ],
          "answerOptions": "4"
        },
        "35": {
          "que": 35,
          "type": "mcq",
          "marks": {
            "cm": 4,
            "im": -1
          },
          "pdfData": [
            {
              "x1": 15,
              "x2": 596,
              "y1": 668.69,
              "y2": 800.15,
              "page": 10
            },
            {
              "x1": 15,
              "x2": 596,
              "y1": 22.44,
              "y2": 93.9,
              "page": 11
            }
          ],
          "answerOptions": "4"
        },
        "36": {
          "que": 36,
          "type": "mcq",
          "marks": {
            "cm": 4,
            "im": -1
          },
          "pdfData": [
            {
              "x1": 15,
              "x2": 596,
              "y1": 113.94,
              "y2": 283.65,
              "page": 11
            }
          ],
          "answerOptions": "4"
        },
        "37": {
          "que": 37,
          "type": "mcq",
          "marks": {
            "cm": 4,
            "im": -1
          },
          "pdfData": [
            {
              "x1": 15,
              "x2": 596,
              "y1": 303.69,
              "y2": 496.59,
              "page": 11
            }
          ],
          "answerOptions": "4"
        },
        "38": {
          "que": 38,
          "type": "mcq",
          "marks": {
            "cm": 4,
            "im": -1
          },
          "pdfData": [
            {
              "x1": 15,
              "x2": 596,
              "y1": 514.84,
              "y2": 804.22,
              "page": 11
            },
            {
              "x1": 15,
              "x2": 596,
              "y1": 22.44,
              "y2": 41.4,
              "page": 12
            }
          ],
          "answerOptions": "4"
        },
        "39": {
          "que": 39,
          "type": "mcq",
          "marks": {
            "cm": 4,
            "im": -1
          },
          "pdfData": [
            {
              "x1": 15,
              "x2": 596,
              "y1": 61.44,
              "y2": 353.72,
              "page": 12
            }
          ],
          "answerOptions": "4"
        },
        "40": {
          "que": 40,
          "type": "mcq",
          "marks": {
            "cm": 4,
            "im": -1
          },
          "pdfData": [
            {
              "x1": 15,
              "x2": 596,
              "y1": 373.77,
              "y2": 568.2,
              "page": 12
            }
          ],
          "answerOptions": "4"
        },
        "41": {
          "que": 41,
          "type": "mcq",
          "marks": {
            "cm": 4,
            "im": -1
          },
          "pdfData": [
            {
              "x1": 15,
              "x2": 596,
              "y1": 588.24,
              "y2": 809.15,
              "page": 12
            },
            {
              "x1": 15,
              "x2": 596,
              "y1": 22.44,
              "y2": 70.96,
              "page": 13
            }
          ],
          "answerOptions": "4"
        },
        "42": {
          "que": 42,
          "type": "mcq",
          "marks": {
            "cm": 4,
            "im": -1
          },
          "pdfData": [
            {
              "x1": 15,
              "x2": 596,
              "y1": 89,
              "y2": 429.71,
              "page": 13
            }
          ],
          "answerOptions": "4"
        },
        "43": {
          "que": 43,
          "type": "mcq",
          "marks": {
            "cm": 4,
            "im": -1
          },
          "pdfData": [
            {
              "x1": 15,
              "x2": 596,
              "y1": 450.23,
              "y2": 797.36,
              "page": 13
            },
            {
              "x1": 15,
              "x2": 596,
              "y1": 22.44,
              "y2": 120.15,
              "page": 14
            }
          ],
          "answerOptions": "4"
        },
        "44": {
          "que": 44,
          "type": "mcq",
          "marks": {
            "cm": 4,
            "im": -1
          },
          "pdfData": [
            {
              "x1": 15,
              "x2": 596,
              "y1": 140.19,
              "y2": 331.52,
              "page": 14
            }
          ],
          "answerOptions": "4"
        },
        "45": {
          "que": 45,
          "type": "mcq",
          "marks": {
            "cm": 4,
            "im": -1
          },
          "pdfData": [
            {
              "x1": 15,
              "x2": 596,
              "y1": 351.57,
              "y2": 521.27,
              "page": 14
            }
          ],
          "answerOptions": "4"
        }
      },
      "P-NUM": {
        "46": {
          "que": 46,
          "type": "nat",
          "marks": {
            "cm": 4,
            "im": -1
          },
          "pdfData": [
            {
              "x1": 15,
              "x2": 596,
              "y1": 541.32,
              "y2": 817.36,
              "page": 14
            }
          ]
        },
        "47": {
          "que": 47,
          "type": "nat",
          "marks": {
            "cm": 4,
            "im": -1
          },
          "pdfData": [
            {
              "x1": 15,
              "x2": 596,
              "y1": 22.44,
              "y2": 85.65,
              "page": 15
            }
          ]
        },
        "48": {
          "que": 48,
          "type": "nat",
          "marks": {
            "cm": 4,
            "im": -1
          },
          "pdfData": [
            {
              "x1": 15,
              "x2": 596,
              "y1": 105.69,
              "y2": 315.43,
              "page": 15
            }
          ]
        },
        "49": {
          "que": 49,
          "type": "nat",
          "marks": {
            "cm": 4,
            "im": -1
          },
          "pdfData": [
            {
              "x1": 15,
              "x2": 596,
              "y1": 353.93,
              "y2": 494.05,
              "page": 15
            }
          ]
        },
        "50": {
          "que": 50,
          "type": "nat",
          "marks": {
            "cm": 4,
            "im": -1
          },
          "pdfData": [
            {
              "x1": 15,
              "x2": 596,
              "y1": 534.34,
              "y2": 597.55,
              "page": 15
            }
          ]
        }
      }
    },
    "Chemistry": {
      "C-MCQ": {
        "51": {
          "que": 51,
          "type": "mcq",
          "marks": {
            "cm": 4,
            "im": -1
          },
          "pdfData": [
            {
              "x1": 15,
              "x2": 596,
              "y1": 617.59,
              "y2": 788.68,
              "page": 15
            }
          ],
          "answerOptions": "4"
        },
        "52": {
          "que": 52,
          "type": "mcq",
          "marks": {
            "cm": 4,
            "im": -1
          },
          "pdfData": [
            {
              "x1": 15,
              "x2": 596,
              "y1": 22.44,
              "y2": 359.12,
              "page": 16
            }
          ],
          "answerOptions": "4"
        },
        "53": {
          "que": 53,
          "type": "mcq",
          "marks": {
            "cm": 4,
            "im": -1
          },
          "pdfData": [
            {
              "x1": 15,
              "x2": 596,
              "y1": 401.94,
              "y2": 551.4,
              "page": 16
            }
          ],
          "answerOptions": "4"
        },
        "54": {
          "que": 54,
          "type": "mcq",
          "marks": {
            "cm": 4,
            "im": -1
          },
          "pdfData": [
            {
              "x1": 15,
              "x2": 596,
              "y1": 571.44,
              "y2": 762.07,
              "page": 16
            }
          ],
          "answerOptions": "4"
        },
        "55": {
          "que": 55,
          "type": "mcq",
          "marks": {
            "cm": 4,
            "im": -1
          },
          "pdfData": [
            {
              "x1": 15,
              "x2": 596,
              "y1": 782.12,
              "y2": 801.07,
              "page": 16
            },
            {
              "x1": 15,
              "x2": 596,
              "y1": 18.84,
              "y2": 573.64,
              "page": 17
            }
          ],
          "answerOptions": "4"
        },
        "56": {
          "que": 56,
          "type": "mcq",
          "marks": {
            "cm": 4,
            "im": -1
          },
          "pdfData": [
            {
              "x1": 15,
              "x2": 596,
              "y1": 595.07,
              "y2": 805.27,
              "page": 17
            }
          ],
          "answerOptions": "4"
        },
        "57": {
          "que": 57,
          "type": "mcq",
          "marks": {
            "cm": 4,
            "im": -1
          },
          "pdfData": [
            {
              "x1": 15,
              "x2": 596,
              "y1": 22.44,
              "y2": 192.15,
              "page": 18
            }
          ],
          "answerOptions": "4"
        },
        "58": {
          "que": 58,
          "type": "mcq",
          "marks": {
            "cm": 4,
            "im": -1
          },
          "pdfData": [
            {
              "x1": 15,
              "x2": 596,
              "y1": 212.19,
              "y2": 361.65,
              "page": 18
            }
          ],
          "answerOptions": "4"
        },
        "59": {
          "que": 59,
          "type": "mcq",
          "marks": {
            "cm": 4,
            "im": -1
          },
          "pdfData": [
            {
              "x1": 15,
              "x2": 596,
              "y1": 381.69,
              "y2": 648.15,
              "page": 18
            }
          ],
          "answerOptions": "4"
        },
        "60": {
          "que": 60,
          "type": "mcq",
          "marks": {
            "cm": 4,
            "im": -1
          },
          "pdfData": [
            {
              "x1": 15,
              "x2": 596,
              "y1": 668.19,
              "y2": 731.4,
              "page": 18
            },
            {
              "x1": 15,
              "x2": 596,
              "y1": 18.86,
              "y2": 491.24,
              "page": 19
            }
          ],
          "answerOptions": "4"
        },
        "61": {
          "que": 61,
          "type": "mcq",
          "marks": {
            "cm": 4,
            "im": -1
          },
          "pdfData": [
            {
              "x1": 15,
              "x2": 596,
              "y1": 513.44,
              "y2": 764.15,
              "page": 19
            }
          ],
          "answerOptions": "4"
        },
        "62": {
          "que": 62,
          "type": "mcq",
          "marks": {
            "cm": 4,
            "im": -1
          },
          "pdfData": [
            {
              "x1": 15,
              "x2": 596,
              "y1": 784.19,
              "y2": 803.15,
              "page": 19
            },
            {
              "x1": 15,
              "x2": 596,
              "y1": 22.44,
              "y2": 687.25,
              "page": 20
            }
          ],
          "answerOptions": "4"
        },
        "63": {
          "que": 63,
          "type": "mcq",
          "marks": {
            "cm": 4,
            "im": -1
          },
          "pdfData": [
            {
              "x1": 15,
              "x2": 596,
              "y1": 729.83,
              "y2": 772.78,
              "page": 20
            },
            {
              "x1": 15,
              "x2": 596,
              "y1": 18.76,
              "y2": 747.29,
              "page": 21
            }
          ],
          "answerOptions": "4"
        },
        "64": {
          "que": 64,
          "type": "mcq",
          "marks": {
            "cm": 4,
            "im": -1
          },
          "pdfData": [
            {
              "x1": 15,
              "x2": 596,
              "y1": 790.09,
              "y2": 809.05,
              "page": 21
            },
            {
              "x1": 15,
              "x2": 596,
              "y1": 18.88,
              "y2": 282.82,
              "page": 22
            }
          ],
          "answerOptions": "4"
        },
        "65": {
          "que": 65,
          "type": "mcq",
          "marks": {
            "cm": 4,
            "im": -1
          },
          "pdfData": [
            {
              "x1": 15,
              "x2": 596,
              "y1": 302.87,
              "y2": 636.82,
              "page": 22
            }
          ],
          "answerOptions": "4"
        },
        "66": {
          "que": 66,
          "type": "mcq",
          "marks": {
            "cm": 4,
            "im": -1
          },
          "pdfData": [
            {
              "x1": 15,
              "x2": 596,
              "y1": 656.87,
              "y2": 800.32,
              "page": 22
            },
            {
              "x1": 15,
              "x2": 596,
              "y1": 22.44,
              "y2": 41.4,
              "page": 23
            }
          ],
          "answerOptions": "4"
        },
        "67": {
          "que": 67,
          "type": "mcq",
          "marks": {
            "cm": 4,
            "im": -1
          },
          "pdfData": [
            {
              "x1": 15,
              "x2": 596,
              "y1": 61.44,
              "y2": 606.16,
              "page": 23
            }
          ],
          "answerOptions": "4"
        },
        "68": {
          "que": 68,
          "type": "mcq",
          "marks": {
            "cm": 4,
            "im": -1
          },
          "pdfData": [
            {
              "x1": 15,
              "x2": 596,
              "y1": 649.02,
              "y2": 812.22,
              "page": 23
            },
            {
              "x1": 15,
              "x2": 596,
              "y1": 18.73,
              "y2": 187.2,
              "page": 24
            }
          ],
          "answerOptions": "4"
        },
        "69": {
          "que": 69,
          "type": "mcq",
          "marks": {
            "cm": 4,
            "im": -1
          },
          "pdfData": [
            {
              "x1": 15,
              "x2": 596,
              "y1": 209.7,
              "y2": 379.41,
              "page": 24
            }
          ],
          "answerOptions": "4"
        },
        "70": {
          "que": 70,
          "type": "mcq",
          "marks": {
            "cm": 4,
            "im": -1
          },
          "pdfData": [
            {
              "x1": 15,
              "x2": 596,
              "y1": 399.45,
              "y2": 569.16,
              "page": 24
            }
          ],
          "answerOptions": "4"
        }
      },
      "C-NUM": {
        "71": {
          "que": 71,
          "type": "nat",
          "marks": {
            "cm": 4,
            "im": -1
          },
          "pdfData": [
            {
              "x1": 15,
              "x2": 596,
              "y1": 589.2,
              "y2": 652.41,
              "page": 24
            }
          ]
        },
        "72": {
          "que": 72,
          "type": "nat",
          "marks": {
            "cm": 4,
            "im": -1
          },
          "pdfData": [
            {
              "x1": 15,
              "x2": 596,
              "y1": 672.45,
              "y2": 779.67,
              "page": 24
            },
            {
              "x1": 15,
              "x2": 596,
              "y1": 18.81,
              "y2": 218.95,
              "page": 25
            }
          ]
        },
        "73": {
          "que": 73,
          "type": "nat",
          "marks": {
            "cm": 4,
            "im": -1
          },
          "pdfData": [
            {
              "x1": 15,
              "x2": 596,
              "y1": 238.99,
              "y2": 302.2,
              "page": 25
            }
          ]
        },
        "74": {
          "que": 74,
          "type": "nat",
          "marks": {
            "cm": 4,
            "im": -1
          },
          "pdfData": [
            {
              "x1": 15,
              "x2": 596,
              "y1": 322.24,
              "y2": 541.09,
              "page": 25
            }
          ]
        },
        "75": {
          "que": 75,
          "type": "nat",
          "marks": {
            "cm": 4,
            "im": -1
          },
          "pdfData": [
            {
              "x1": 15,
              "x2": 596,
              "y1": 583.4,
              "y2": 647.99,
              "page": 25
            }
          ]
        }
      }
    }
  },
  "appVersion": "1.30.2",
  "generatedBy": "answerKeyPage",
  "testAnswerKey": {
    "Maths": {
      "M-MCQ": {
        "1": 2,
        "2": 1,
        "3": 4,
        "4": 3,
        "5": 4,
        "6": 4,
        "7": 2,
        "8": 2,
        "9": 1,
        "10": 2,
        "11": 2,
        "12": 4,
        "13": 2,
        "14": 2,
        "15": 4,
        "16": 2,
        "17": 1,
        "18": 3,
        "19": 2,
        "20": 2
      },
      "M-NUM": {
        "21": "9",
        "22": "2",
        "23": "17",
        "24": "28",
        "25": "2"
      }
    },
    "Physics": {
      "P-MCQ": {
        "26": 1,
        "27": 3,
        "28": 1,
        "29": 2,
        "30": 2,
        "31": 2,
        "32": 3,
        "33": 1,
        "34": 4,
        "35": 1,
        "36": 4,
        "37": 2,
        "38": 4,
        "39": 2,
        "40": 1,
        "41": 2,
        "42": 1,
        "43": 3,
        "44": 1,
        "45": 3
      },
      "P-NUM": {
        "46": "8",
        "47": "4",
        "48": "4",
        "49": "2",
        "50": "6"
      }
    },
    "Chemistry": {
      "C-MCQ": {
        "51": 4,
        "52": 2,
        "53": 4,
        "54": 4,
        "55": 2,
        "56": 3,
        "57": 2,
        "58": 2,
        "59": 2,
        "60": 4,
        "61": 2,
        "62": 2,
        "63": 4,
        "64": 3,
        "65": 1,
        "66": 4,
        "67": 2,
        "68": 4,
        "69": 4,
        "70": 1
      },
      "C-NUM": {
        "71": "36",
        "72": "4200",
        "73": "25",
        "74": "4",
        "75": "2"
      }
    }
  }
}