{
  "testConfig": {
    "pdfFileHash": "5839d7d2bde60ac5f2dcdad2492d1f79aa7fd12ed9d95c344829b50a3004b7c3"
  },
  "pdfCropperData": {
    "Maths": {
      "M-MCQ": {
        "1": {
          "que": 1,
          "type": "mcq",
          "marks": {
            "cm": 4,
            "im": -1
          },
          "pdfData": [
            {
              "x1": 14.99,
              "x2": 596,
              "y1": 497.63,
              "y2": 693.58,
              "page": 1
            }
          ],
          "answerOptions": "4"
        },
        "2": {
          "que": 2,
          "type": "mcq",
          "marks": {
            "cm": 4,
            "im": -1
          },
          "pdfData": [
            {
              "x1": 15,
              "x2": 596,
              "y1": 707.63,
              "y2": 820.61,
              "page": 1
            },
            {
              "x1": 15,
              "x2": 596,
              "y1": 19.44,
              "y2": 123.15,
              "page": 2
            }
          ],
          "answerOptions": "4"
        },
        "3": {
          "que": 3,
          "type": "mcq",
          "marks": {
            "cm": 4,
            "im": -1
          },
          "pdfData": [
            {
              "x1": 15,
              "x2": 596,
              "y1": 137.19,
              "y2": 333.22,
              "page": 2
            }
          ],
          "answerOptions": "4"
        },
        "4": {
          "que": 4,
          "type": "mcq",
          "marks": {
            "cm": 4,
            "im": -1
          },
          "pdfData": [
            {
              "x1": 15,
              "x2": 596,
              "y1": 347.27,
              "y2": 544.46,
              "page": 2
            }
          ],
          "answerOptions": "4"
        },
        "5": {
          "que": 5,
          "type": "mcq",
          "marks": {
            "cm": 4,
            "im": -1
          },
          "pdfData": [
            {
              "x1": 15,
              "x2": 596,
              "y1": 556.5,
              "y2": 752.46,
              "page": 2
            }
          ],
          "answerOptions": "4"
        },
        "6": {
          "que": 6,
          "type": "mcq",
          "marks": {
            "cm": 4,
            "im": -1
          },
          "pdfData": [
            {
              "x1": 15,
              "x2": 596,
              "y1": 766.5,
              "y2": 815.46,
              "page": 2
            },
            {
              "x1": 14.99,
              "x2": 596,
              "y1": 19.44,
              "y2": 191.4,
              "page": 3
            }
          ],
          "answerOptions": "4"
        },
        "7": {
          "que": 7,
          "type": "mcq",
          "marks": {
            "cm": 4,
            "im": -1
          },
          "pdfData": [
            {
              "x1": 14.99,
              "x2": 596,
              "y1": 205.44,
              "y2": 381.41,
              "page": 3
            }
          ],
          "answerOptions": "4"
        },
        "8": {
          "que": 8,
          "type": "mcq",
          "marks": {
            "cm": 4,
            "im": -1
          },
          "pdfData": [
            {
              "x1": 14.99,
              "x2": 596,
              "y1": 395.45,
              "y2": 573.89,
              "page": 3
            }
          ],
          "answerOptions": "4"
        },
        "9": {
          "que": 9,
          "type": "mcq",
          "marks": {
            "cm": 4,
            "im": -1
          },
          "pdfData": [
            {
              "x1": 14.99,
              "x2": 596,
              "y1": 586.14,
              "y2": 805.92,
              "page": 3
            }
          ],
          "answerOptions": "4"
        },
        "10": {
          "que": 10,
          "type": "mcq",
          "marks": {
            "cm": 4,
            "im": -1
          },
          "pdfData": [
            {
              "x1": 15,
              "x2": 596,
              "y1": 19.44,
              "y2": 177.48,
              "page": 4
            }
          ],
          "answerOptions": "4"
        },
        "11": {
          "que": 11,
          "type": "mcq",
          "marks": {
            "cm": 4,
            "im": -1
          },
          "pdfData": [
            {
              "x1": 15,
              "x2": 596,
              "y1": 191.53,
              "y2": 400.86,
              "page": 4
            }
          ],
          "answerOptions": "4"
        },
        "12": {
          "que": 12,
          "type": "mcq",
          "marks": {
            "cm": 4,
            "im": -1
          },
          "pdfData": [
            {
              "x1": 15,
              "x2": 596,
              "y1": 412.9,
              "y2": 568.42,
              "page": 4
            }
          ],
          "answerOptions": "4"
        },
        "13": {
          "que": 13,
          "type": "mcq",
          "marks": {
            "cm": 4,
            "im": -1
          },
          "pdfData": [
            {
              "x1": 15,
              "x2": 596,
              "y1": 582.47,
              "y2": 758.17,
              "page": 4
            }
          ],
          "answerOptions": "4"
        },
        "14": {
          "que": 14,
          "type": "mcq",
          "marks": {
            "cm": 4,
            "im": -1
          },
          "pdfData": [
            {
              "x1": 15,
              "x2": 596,
              "y1": 772.22,
              "y2": 823.25,
              "page": 4
            },
            {
              "x1": 15,
              "x2": 596,
              "y1": 19.44,
              "y2": 150.9,
              "page": 5
            }
          ],
          "answerOptions": "4"
        },
        "15": {
          "que": 15,
          "type": "mcq",
          "marks": {
            "cm": 4,
            "im": -1
          },
          "pdfData": [
            {
              "x1": 15,
              "x2": 596,
              "y1": 164.94,
              "y2": 340.72,
              "page": 5
            }
          ],
          "answerOptions": "4"
        },
        "16": {
          "que": 16,
          "type": "mcq",
          "marks": {
            "cm": 4,
            "im": -1
          },
          "pdfData": [
            {
              "x1": 15,
              "x2": 596,
              "y1": 354.77,
              "y2": 510.97,
              "page": 5
            }
          ],
          "answerOptions": "4"
        },
        "17": {
          "que": 17,
          "type": "mcq",
          "marks": {
            "cm": 4,
            "im": -1
          },
          "pdfData": [
            {
              "x1": 15,
              "x2": 596,
              "y1": 525.02,
              "y2": 685.45,
              "page": 5
            }
          ],
          "answerOptions": "4"
        },
        "18": {
          "que": 18,
          "type": "mcq",
          "marks": {
            "cm": 4,
            "im": -1
          },
          "pdfData": [
            {
              "x1": 15,
              "x2": 596,
              "y1": 699.49,
              "y2": 801.06,
              "page": 5
            },
            {
              "x1": 15,
              "x2": 596,
              "y1": 19.44,
              "y2": 96.9,
              "page": 6
            }
          ],
          "answerOptions": "4"
        },
        "19": {
          "que": 19,
          "type": "mcq",
          "marks": {
            "cm": 4,
            "im": -1
          },
          "pdfData": [
            {
              "x1": 15,
              "x2": 596,
              "y1": 110.94,
              "y2": 306.9,
              "page": 6
            }
          ],
          "answerOptions": "4"
        },
        "20": {
          "que": 20,
          "type": "mcq",
          "marks": {
            "cm": 4,
            "im": -1
          },
          "pdfData": [
            {
              "x1": 15,
              "x2": 596,
              "y1": 320.94,
              "y2": 476.47,
              "page": 6
            }
          ],
          "answerOptions": "4"
        }
      },
      "M-NUM": {
        "21": {
          "que": 21,
          "type": "nat",
          "marks": {
            "cm": 4,
            "im": -1
          },
          "pdfData": [
            {
              "x1": 15,
              "x2": 596,
              "y1": 493.52,
              "y2": 558.8,
              "page": 6
            }
          ]
        },
        "22": {
          "que": 22,
          "type": "nat",
          "marks": {
            "cm": 4,
            "im": -1
          },
          "pdfData": [
            {
              "x1": 15,
              "x2": 596,
              "y1": 576.84,
              "y2": 660.3,
              "page": 6
            }
          ]
        },
        "23": {
          "que": 23,
          "type": "nat",
          "marks": {
            "cm": 4,
            "im": -1
          },
          "pdfData": [
            {
              "x1": 15,
              "x2": 596,
              "y1": 680.34,
              "y2": 725.38,
              "page": 6
            }
          ]
        },
        "24": {
          "que": 24,
          "type": "nat",
          "marks": {
            "cm": 4,
            "im": -1
          },
          "pdfData": [
            {
              "x1": 15,
              "x2": 596,
              "y1": 744.23,
              "y2": 819.78,
              "page": 6
            },
            {
              "x1": 15,
              "x2": 596,
              "y1": 22.44,
              "y2": 63.06,
              "page": 7
            }
          ]
        },
        "25": {
          "que": 25,
          "type": "nat",
          "marks": {
            "cm": 4,
            "im": -1
          },
          "pdfData": [
            {
              "x1": 15,
              "x2": 596,
              "y1": 81.69,
              "y2": 210.44,
              "page": 7
            }
          ]
        }
      }
    },
    "Physics": {
      "P-MCQ": {
        "26": {
          "que": 26,
          "type": "mcq",
          "marks": {
            "cm": 4,
            "im": -1
          },
          "pdfData": [
            {
              "x1": 15,
              "x2": 596,
              "y1": 228.69,
              "y2": 439.72,
              "page": 7
            }
          ],
          "answerOptions": "4"
        },
        "27": {
          "que": 27,
          "type": "mcq",
          "marks": {
            "cm": 4,
            "im": -1
          },
          "pdfData": [
            {
              "x1": 15,
              "x2": 596,
              "y1": 459.77,
              "y2": 693.22,
              "page": 7
            }
          ],
          "answerOptions": "4"
        },
        "28": {
          "que": 28,
          "type": "mcq",
          "marks": {
            "cm": 4,
            "im": -1
          },
          "pdfData": [
            {
              "x1": 15,
              "x2": 596,
              "y1": 713.27,
              "y2": 786.22,
              "page": 7
            },
            {
              "x1": 15,
              "x2": 596,
              "y1": 18.47,
              "y2": 334.77,
              "page": 8
            }
          ],
          "answerOptions": "4"
        },
        "29": {
          "que": 29,
          "type": "mcq",
          "marks": {
            "cm": 4,
            "im": -1
          },
          "pdfData": [
            {
              "x1": 15,
              "x2": 596,
              "y1": 354.82,
              "y2": 545.06,
              "page": 8
            }
          ],
          "answerOptions": "4"
        },
        "30": {
          "que": 30,
          "type": "mcq",
          "marks": {
            "cm": 4,
            "im": -1
          },
          "pdfData": [
            {
              "x1": 15,
              "x2": 596,
              "y1": 565.1,
              "y2": 795.02,
              "page": 8
            },
            {
              "x1": 15,
              "x2": 596,
              "y1": 21.33,
              "y2": 144.65,
              "page": 9
            }
          ],
          "answerOptions": "4"
        },
        "31": {
          "que": 31,
          "type": "mcq",
          "marks": {
            "cm": 4,
            "im": -1
          },
          "pdfData": [
            {
              "x1": 15,
              "x2": 596,
              "y1": 162.9,
              "y2": 332.61,
              "page": 9
            }
          ],
          "answerOptions": "4"
        },
        "32": {
          "que": 32,
          "type": "mcq",
          "marks": {
            "cm": 4,
            "im": -1
          },
          "pdfData": [
            {
              "x1": 15,
              "x2": 596,
              "y1": 352.65,
              "y2": 572.06,
              "page": 9
            }
          ],
          "answerOptions": "4"
        },
        "33": {
          "que": 33,
          "type": "mcq",
          "marks": {
            "cm": 4,
            "im": -1
          },
          "pdfData": [
            {
              "x1": 15,
              "x2": 596,
              "y1": 591.85,
              "y2": 675.87,
              "page": 9
            },
            {
              "x1": 15,
              "x2": 596,
              "y1": 18.85,
              "y2": 314.52,
              "page": 10
            }
          ],
          "answerOptions": "4"
        },
        "34": {
          "que": 34,
          "type": "mcq",
          "marks": {
            "cm": 4,
            "im": -1
          },
          "pdfData": [
            {
              "x1": 15,
              "x2": 596,
              "y1": 334.57,
              "y2": 504.27,
              "page": 10
            }
          ],
          "answerOptions": "4"
        },
        "35": {
          "que": 35,
          "type": "mcq",
          "marks": {
            "cm": 4,
            "im": -1
          },
          "pdfData": [
            {
              "x1": 15,
              "x2": 596,
              "y1": 524.32,
              "y2": 799.25,
              "page": 10
            },
            {
              "x1": 15,
              "x2": 596,
              "y1": 22.44,
              "y2": 127.55,
              "page": 11
            }
          ],
          "answerOptions": "4"
        },
        "36": {
          "que": 36,
          "type": "mcq",
          "marks": {
            "cm": 4,
            "im": -1
          },
          "pdfData": [
            {
              "x1": 15,
              "x2": 596,
              "y1": 147.52,
              "y2": 658.11,
              "page": 11
            }
          ],
          "answerOptions": "4"
        },
        "37": {
          "que": 37,
          "type": "mcq",
          "marks": {
            "cm": 4,
            "im": -1
          },
          "pdfData": [
            {
              "x1": 15,
              "x2": 596,
              "y1": 676.37,
              "y2": 759.82,
              "page": 11
            },
            {
              "x1": 15,
              "x2": 596,
              "y1": 18.82,
              "y2": 282.4,
              "page": 12
            }
          ],
          "answerOptions": "4"
        },
        "38": {
          "que": 38,
          "type": "mcq",
          "marks": {
            "cm": 4,
            "im": -1
          },
          "pdfData": [
            {
              "x1": 15,
              "x2": 596,
              "y1": 302.44,
              "y2": 507.35,
              "page": 12
            }
          ],
          "answerOptions": "4"
        },
        "39": {
          "que": 39,
          "type": "mcq",
          "marks": {
            "cm": 4,
            "im": -1
          },
          "pdfData": [
            {
              "x1": 15,
              "x2": 596,
              "y1": 527.39,
              "y2": 795.02,
              "page": 12
            },
            {
              "x1": 15,
              "x2": 596,
              "y1": 22.44,
              "y2": 123.09,
              "page": 13
            }
          ],
          "answerOptions": "4"
        },
        "40": {
          "que": 40,
          "type": "mcq",
          "marks": {
            "cm": 4,
            "im": -1
          },
          "pdfData": [
            {
              "x1": 15,
              "x2": 596,
              "y1": 141.34,
              "y2": 457.42,
              "page": 13
            }
          ],
          "answerOptions": "4"
        },
        "41": {
          "que": 41,
          "type": "mcq",
          "marks": {
            "cm": 4,
            "im": -1
          },
          "pdfData": [
            {
              "x1": 15,
              "x2": 596,
              "y1": 477.47,
              "y2": 724.42,
              "page": 13
            }
          ],
          "answerOptions": "4"
        },
        "42": {
          "que": 42,
          "type": "mcq",
          "marks": {
            "cm": 4,
            "im": -1
          },
          "pdfData": [
            {
              "x1": 15,
              "x2": 596,
              "y1": 744.47,
              "y2": 808.51,
              "page": 13
            },
            {
              "x1": 15,
              "x2": 596,
              "y1": 22.44,
              "y2": 124.89,
              "page": 14
            }
          ],
          "answerOptions": "4"
        },
        "43": {
          "que": 43,
          "type": "mcq",
          "marks": {
            "cm": 4,
            "im": -1
          },
          "pdfData": [
            {
              "x1": 15,
              "x2": 596,
              "y1": 143.74,
              "y2": 433.57,
              "page": 14
            }
          ],
          "answerOptions": "4"
        },
        "44": {
          "que": 44,
          "type": "mcq",
          "marks": {
            "cm": 4,
            "im": -1
          },
          "pdfData": [
            {
              "x1": 15,
              "x2": 596,
              "y1": 453.62,
              "y2": 801.07,
              "page": 14
            }
          ],
          "answerOptions": "4"
        },
        "45": {
          "que": 45,
          "type": "mcq",
          "marks": {
            "cm": 4,
            "im": -1
          },
          "pdfData": [
            {
              "x1": 15,
              "x2": 596,
              "y1": 22.44,
              "y2": 192.15,
              "page": 15
            }
          ],
          "answerOptions": "4"
        }
      },
      "P-NUM": {
        "46": {
          "que": 46,
          "type": "nat",
          "marks": {
            "cm": 4,
            "im": -1
          },
          "pdfData": [
            {
              "x1": 15,
              "x2": 596,
              "y1": 212.19,
              "y2": 299.61,
              "page": 15
            }
          ]
        },
        "47": {
          "que": 47,
          "type": "nat",
          "marks": {
            "cm": 4,
            "im": -1
          },
          "pdfData": [
            {
              "x1": 15,
              "x2": 596,
              "y1": 319.65,
              "y2": 382.86,
              "page": 15
            }
          ]
        },
        "48": {
          "que": 48,
          "type": "nat",
          "marks": {
            "cm": 4,
            "im": -1
          },
          "pdfData": [
            {
              "x1": 15,
              "x2": 596,
              "y1": 402.9,
              "y2": 792.96,
              "page": 15
            }
          ]
        },
        "49": {
          "que": 49,
          "type": "nat",
          "marks": {
            "cm": 4,
            "im": -1
          },
          "pdfData": [
            {
              "x1": 15,
              "x2": 596,
              "y1": 22.44,
              "y2": 128.23000000000002,
              "page": 16
            }
          ]
        },
        "50": {
          "que": 50,
          "type": "nat",
          "marks": {
            "cm": 4,
            "im": -1
          },
          "pdfData": [
            {
              "x1": 15,
              "x2": 596,
              "y1": 146.27,
              "y2": 516.15,
              "page": 16
            }
          ]
        }
      }
    },
    "Chemistry": {
      "C-MCQ": {
        "51": {
          "que": 51,
          "type": "mcq",
          "marks": {
            "cm": 4,
            "im": -1
          },
          "pdfData": [
            {
              "x1": 15,
              "x2": 596,
              "y1": 538.64,
              "y2": 708.35,
              "page": 16
            }
          ],
          "answerOptions": "4"
        },
        "52": {
          "que": 52,
          "type": "mcq",
          "marks": {
            "cm": 4,
            "im": -1
          },
          "pdfData": [
            {
              "x1": 15,
              "x2": 596,
              "y1": 728.39,
              "y2": 811.85,
              "page": 16
            },
            {
              "x1": 15,
              "x2": 596,
              "y1": 31.549999999999997,
              "y2": 249.07,
              "page": 17
            }
          ],
          "answerOptions": "4"
        },
        "53": {
          "que": 53,
          "type": "mcq",
          "marks": {
            "cm": 4,
            "im": -1
          },
          "pdfData": [
            {
              "x1": 15,
              "x2": 596,
              "y1": 269.12,
              "y2": 479.32,
              "page": 17
            }
          ],
          "answerOptions": "4"
        },
        "54": {
          "que": 54,
          "type": "mcq",
          "marks": {
            "cm": 4,
            "im": -1
          },
          "pdfData": [
            {
              "x1": 15,
              "x2": 596,
              "y1": 499.37,
              "y2": 784.44,
              "page": 17
            },
            {
              "x1": 15,
              "x2": 596,
              "y1": 22.44,
              "y2": 449.11,
              "page": 18
            }
          ],
          "answerOptions": "4"
        },
        "55": {
          "que": 55,
          "type": "mcq",
          "marks": {
            "cm": 4,
            "im": -1
          },
          "pdfData": [
            {
              "x1": 15,
              "x2": 596,
              "y1": 491.57,
              "y2": 675.22,
              "page": 18
            }
          ],
          "answerOptions": "4"
        },
        "56": {
          "que": 56,
          "type": "mcq",
          "marks": {
            "cm": 4,
            "im": -1
          },
          "pdfData": [
            {
              "x1": 15,
              "x2": 596,
              "y1": 695.27,
              "y2": 738.22,
              "page": 18
            },
            {
              "x1": 15,
              "x2": 596,
              "y1": 19.59,
              "y2": 682.6,
              "page": 19
            }
          ],
          "answerOptions": "4"
        },
        "57": {
          "que": 57,
          "type": "mcq",
          "marks": {
            "cm": 4,
            "im": -1
          },
          "pdfData": [
            {
              "x1": 15,
              "x2": 596,
              "y1": 725.07,
              "y2": 808.52,
              "page": 19
            },
            {
              "x1": 15,
              "x2": 596,
              "y1": 22.44,
              "y2": 188.4,
              "page": 20
            }
          ],
          "answerOptions": "4"
        },
        "58": {
          "que": 58,
          "type": "mcq",
          "marks": {
            "cm": 4,
            "im": -1
          },
          "pdfData": [
            {
              "x1": 15,
              "x2": 596,
              "y1": 208.44,
              "y2": 378.15,
              "page": 20
            }
          ],
          "answerOptions": "4"
        },
        "59": {
          "que": 59,
          "type": "mcq",
          "marks": {
            "cm": 4,
            "im": -1
          },
          "pdfData": [
            {
              "x1": 15,
              "x2": 596,
              "y1": 398.19,
              "y2": 547.65,
              "page": 20
            }
          ],
          "answerOptions": "4"
        },
        "60": {
          "que": 60,
          "type": "mcq",
          "marks": {
            "cm": 4,
            "im": -1
          },
          "pdfData": [
            {
              "x1": 15,
              "x2": 596,
              "y1": 567.69,
              "y2": 737.4,
              "page": 20
            }
          ],
          "answerOptions": "4"
        },
        "61": {
          "que": 61,
          "type": "mcq",
          "marks": {
            "cm": 4,
            "im": -1
          },
          "pdfData": [
            {
              "x1": 15,
              "x2": 596,
              "y1": 757.44,
              "y2": 800.4,
              "page": 20
            },
            {
              "x1": 15,
              "x2": 596,
              "y1": 28.34,
              "y2": 222.91,
              "page": 21
            }
          ],
          "answerOptions": "4"
        },
        "62": {
          "que": 62,
          "type": "mcq",
          "marks": {
            "cm": 4,
            "im": -1
          },
          "pdfData": [
            {
              "x1": 15,
              "x2": 596,
              "y1": 242.95,
              "y2": 493.66,
              "page": 21
            }
          ],
          "answerOptions": "4"
        },
        "63": {
          "que": 63,
          "type": "mcq",
          "marks": {
            "cm": 4,
            "im": -1
          },
          "pdfData": [
            {
              "x1": 15,
              "x2": 596,
              "y1": 513.7,
              "y2": 805.2,
              "page": 21
            },
            {
              "x1": 15,
              "x2": 596,
              "y1": 22.44,
              "y2": 41.4,
              "page": 22
            }
          ],
          "answerOptions": "4"
        },
        "64": {
          "que": 64,
          "type": "mcq",
          "marks": {
            "cm": 4,
            "im": -1
          },
          "pdfData": [
            {
              "x1": 15,
              "x2": 596,
              "y1": 61.44,
              "y2": 210.9,
              "page": 22
            }
          ],
          "answerOptions": "4"
        },
        "65": {
          "que": 65,
          "type": "mcq",
          "marks": {
            "cm": 4,
            "im": -1
          },
          "pdfData": [
            {
              "x1": 15,
              "x2": 596,
              "y1": 230.94,
              "y2": 737.56,
              "page": 22
            }
          ],
          "answerOptions": "4"
        },
        "66": {
          "que": 66,
          "type": "mcq",
          "marks": {
            "cm": 4,
            "im": -1
          },
          "pdfData": [
            {
              "x1": 15,
              "x2": 596,
              "y1": 757.6,
              "y2": 800.56,
              "page": 22
            },
            {
              "x1": 15,
              "x2": 596,
              "y1": 22.44,
              "y2": 147.9,
              "page": 23
            }
          ],
          "answerOptions": "4"
        },
        "67": {
          "que": 67,
          "type": "mcq",
          "marks": {
            "cm": 4,
            "im": -1
          },
          "pdfData": [
            {
              "x1": 15,
              "x2": 596,
              "y1": 167.94,
              "y2": 360.9,
              "page": 23
            }
          ],
          "answerOptions": "4"
        },
        "68": {
          "que": 68,
          "type": "mcq",
          "marks": {
            "cm": 4,
            "im": -1
          },
          "pdfData": [
            {
              "x1": 15,
              "x2": 596,
              "y1": 380.94,
              "y2": 642.35,
              "page": 23
            },
            {
              "x1": 15,
              "x2": 596,
              "y1": 19.6,
              "y2": 644.85,
              "page": 24
            }
          ],
          "answerOptions": "4"
        },
        "69": {
          "que": 69,
          "type": "mcq",
          "marks": {
            "cm": 4,
            "im": -1
          },
          "pdfData": [
            {
              "x1": 15,
              "x2": 596,
              "y1": 688.07,
              "y2": 811.27,
              "page": 24
            },
            {
              "x1": 15,
              "x2": 596,
              "y1": 22.44,
              "y2": 41.4,
              "page": 25
            }
          ],
          "answerOptions": "4"
        },
        "70": {
          "que": 70,
          "type": "mcq",
          "marks": {
            "cm": 4,
            "im": -1
          },
          "pdfData": [
            {
              "x1": 15,
              "x2": 596,
              "y1": 61.44,
              "y2": 210.9,
              "page": 25
            }
          ],
          "answerOptions": "4"
        }
      },
      "C-NUM": {
        "71": {
          "que": 71,
          "type": "nat",
          "marks": {
            "cm": 4,
            "im": -1
          },
          "pdfData": [
            {
              "x1": 15,
              "x2": 596,
              "y1": 230.94,
              "y2": 354.65,
              "page": 25
            }
          ]
        },
        "72": {
          "que": 72,
          "type": "nat",
          "marks": {
            "cm": 4,
            "im": -1
          },
          "pdfData": [
            {
              "x1": 15,
              "x2": 596,
              "y1": 375.22,
              "y2": 438.42,
              "page": 25
            }
          ]
        },
        "73": {
          "que": 73,
          "type": "nat",
          "marks": {
            "cm": 4,
            "im": -1
          },
          "pdfData": [
            {
              "x1": 14.99,
              "x2": 596,
              "y1": 458.47,
              "y2": 758.05,
              "page": 25
            }
          ]
        },
        "74": {
          "que": 74,
          "type": "nat",
          "marks": {
            "cm": 4,
            "im": -1
          },
          "pdfData": [
            {
              "x1": 15,
              "x2": 596,
              "y1": 778.09,
              "y2": 797.05,
              "page": 25
            },
            {
              "x1": 15,
              "x2": 596,
              "y1": 22.44,
              "y2": 81.9,
              "page": 26
            }
          ]
        },
        "75": {
          "que": 75,
          "type": "nat",
          "marks": {
            "cm": 4,
            "im": -1
          },
          "pdfData": [
            {
              "x1": 15,
              "x2": 596,
              "y1": 101.94,
              "y2": 185.99,
              "page": 26
            }
          ]
        }
      }
    }
  },
  "appVersion": "1.30.2",
  "generatedBy": "answerKeyPage",
  "testAnswerKey": {
    "Maths": {
      "M-MCQ": {
        "1": 1,
        "2": 3,
        "3": 4,
        "4": 4,
        "5": 4,
        "6": 4,
        "7": 2,
        "8": 3,
        "9": 4,
        "10": 1,
        "11": 3,
        "12": 3,
        "13": 3,
        "14": 1,
        "15": 2,
        "16": 1,
        "17": 1,
        "18": 2,
        "19": 3,
        "20": 2
      },
      "M-NUM": {
        "21": "3",
        "22": "24",
        "23": "67",
        "24": "8",
        "25": "61"
      }
    },
    "Physics": {
      "P-MCQ": {
        "26": 3,
        "27": 4,
        "28": 4,
        "29": 3,
        "30": 1,
        "31": 2,
        "32": 4,
        "33": 3,
        "34": 3,
        "35": 2,
        "36": 1,
        "37": 4,
        "38": 4,
        "39": 4,
        "40": 1,
        "41": 3,
        "42": 2,
        "43": 2,
        "44": 2,
        "45": 1
      },
      "P-NUM": {
        "46": "12",
        "47": "8",
        "48": "1200",
        "49": "3",
        "50": "80"
      }
    },
    "Chemistry": {
      "C-MCQ": {
        "51": 3,
        "52": 2,
        "53": 4,
        "54": 1,
        "55": 4,
        "56": 2,
        "57": 1,
        "58": 3,
        "59": 4,
        "60": 4,
        "61": 4,
        "62": 4,
        "63": 2,
        "64": 3,
        "65": 4,
        "66": 3,
        "67": 2,
        "68": 2,
        "69": 4,
        "70": 3
      },
      "C-NUM": {
        "71": "815",
        "72": "30",
        "73": "139",
        "74": "24",
        "75": "3"
      }
    }
  }
}